{"objectID":"docs_0.51.1_transactions.html#using_nested_transactions","parent":"docs_0.51.1_transactions.html#overview","pageViews":0,"url":"writerside-documentation/docs/transactions.html#using-nested-transactions","mainTitle":"Transactions","product":"docs","headings":"Transactions,Using nested transactions","content":"By default, a nested transaction block shares the transaction resources of its parent transaction block, so any effect on the child affects the parent:\nval db \u003d Database.connect()\ndb.useNestedTransactions \u003d false // set by default\n\ntransaction {\n    println(\"Transaction # ${this.id}\") // Transaction # 1\n    FooTable.insert{ it[id] \u003d 1 }\n    println(FooTable.selectAll().count()) // 1\n    \n    transaction {\n        println(\"Transaction # ${this.id}\") // Transaction # 1\n        FooTable.insert{ it[id] \u003d 2 }\n        println(FooTable.selectAll().count()) // 2\n    \n        rollback() \n    }\n\n    println(FooTable.selectAll().count()) // 0\n}\nSince Exposed 0.16.1 it is possible to use nested transactions as separate transactions by setting useNestedTransactions \u003d true on the desired Database instance.\nAfter that any exception or rollback operation that happens within a transaction block will not roll back the whole transaction but only the code inside the current transaction. Exposed uses SQL SAVEPOINT functionality to mark the current transaction at the beginning of a transaction block and release it on exit.\nUsing savepoint could affect performance, so please read the documentation on your DBMS for more details.\nval db \u003d Database.connect()\ndb.useNestedTransactions \u003d true\n\ntransaction {\n    println(\"Transaction # ${this.id}\") // Transaction # 1\n    FooTable.insert{ it[id] \u003d 1 }\n    println(FooTable.selectAll().count()) // 1\n    \n    transaction {\n        println(\"Transaction # ${this.id}\") // Transaction # 2\n        FooTable.insert{ it[id] \u003d 2 }\n        println(FooTable.selectAll().count()) // 2\n    \n        rollback() \n    }\n\n    println(FooTable.selectAll().count()) // 1\n}\n","pageTitle":"Using nested transactions","metaDescription":"","type":"Documentation","breadcrumbs":"","root":0,"depth":0}