{"objectID":"docs_0.51.1_frequently_asked_questions.html#q_how_to_get_a_plain_sql_query_which_will_be_executed","parent":"docs_0.51.1_frequently_asked_questions.html#q_squash_is_same_as_exposed_where_is_the_difference","pageViews":0,"url":"writerside-documentation/docs/frequently-asked-questions.html#q-how-to-get-a-plain-sql-query-which-will-be-executed","mainTitle":"Frequently Asked Questions","product":"docs","headings":"Frequently Asked Questions,Q: How to get a plain SQL query which will be executed?","content":"A:\nval plainSQL \u003d FooTable.selectAll().where {}.prepareSQL(QueryBuilder(false)) \nUse QueryBuiler with false - if you want to inline statement arguments, true - to see \u0027?\u0027 in query.\n","pageTitle":"Q: How to get a plain SQL query which will be executed?","metaDescription":"","type":"Documentation","breadcrumbs":"","root":0,"depth":0}