{"objectID":"docs_0.51.1_deep_dive_into_dsl.html#batch_insert","parent":"docs_0.51.1_deep_dive_into_dsl.html#overview","pageViews":0,"url":"writerside-documentation/docs/deep-dive-into-dsl.html#batch-insert","mainTitle":"Deep Dive into DSL","product":"docs","headings":"Deep Dive into DSL,Batch Insert","content":"Batch Insert allow mapping a list of entities into DB raws in one sql statement. It is more efficient than inserting one by one as it initiates only one statement. Here is an example that uses a simple list:\nval cityNames \u003d listOf(\"Paris\", \"Moscow\", \"Helsinki\")\nval allCitiesID \u003d cities.batchInsert(cityNames) { name -\u0026gt;\n    this[cities.name] \u003d name\n}\nHere is an example that uses a list of data class instances:\ndata class SWFilmData(val sequelId: Int, val name: String, val director: String)\n\ntransaction {\n    // ...\n    val films \u003d listOf(\n        SWFilmData(5, \"The Empire Strikes Back\", \"Irvin Kershner\"),\n        SWFilmData(4, \"A New Hope\", \"George Lucas\"),\n        SWFilmData(7, \"The Force Awakens\", \"JJ Abrams\")\n    )\n\n    StarWarsFilms.batchInsert(films) { (id, name, director) -\u0026gt;\n        this[StarWarsFilms.sequelId] \u003d id\n        this[StarWarsFilms.name] \u003d name\n        this[StarWarsFilms.director] \u003d director\n    }\n\n    StarWarsFilms.selectAll().count() // 3\n}\nThe `batchInsert` function will still create multiple `INSERT` statements when interacting with your database. You most likely want to couple this with the rewriteBatchedInserts\u003dtrue (or rewriteBatchedStatements\u003dtrue) option of your relevant JDBC driver, which will convert those into a single bulkInsert.\nYou can find the documentation for this option for MySQL here and PostgresSQL here.\nIf you don\u0027t need to get the newly generated values (example: auto incremented ID), set the shouldReturnGeneratedValues parameter to false, this increases the performance of batch inserts by batching them in chunks, instead of always waiting for the database to synchronize the newly inserted object state.\nIf you want to check if the rewriteBatchedInserts + batchInsert is working correctly, check how to enable JDBC logging for your driver because Exposed will always show the non-rewritten multiple inserts. You can find the documentation for how to enable logging in PostgresSQL here.\n","pageTitle":"Batch Insert","metaDescription":"","type":"Documentation","breadcrumbs":"","root":0,"depth":0}