{"objectID":"docs_0.51.1_frequently_asked_questions.html#q_how_can_i_implement_nested_queries","parent":"docs_0.51.1_frequently_asked_questions.html#q_squash_is_same_as_exposed_where_is_the_difference","pageViews":0,"url":"writerside-documentation/docs/frequently-asked-questions.html#q-how-can-i-implement-nested-queries","mainTitle":"Frequently Asked Questions","product":"docs","headings":"Frequently Asked Questions,Q: How can I implement nested queries?","content":"A: See example here: https://github.com/JetBrains/Exposed/issues/248\n","pageTitle":"Q: How can I implement nested queries?","metaDescription":"","type":"Documentation","breadcrumbs":"","root":0,"depth":0}