{"objectID":"docs_0.51.1_migration_guide.html#migration_steps","parent":"docs_0.51.1_migration_guide.html#migrating_from_0_45_0_to_0_46_0","pageViews":0,"url":"writerside-documentation/docs/migration-guide.html#migration-steps","mainTitle":"Migration Guide","product":"docs","headings":"Migration Guide,Migration Steps","content":"2. Use Edit \u0026gt; Find \u0026gt; Find in Files... to find any use of adjustSlice, then use the Alt+Enter quickfix with \u0026quot;Replace usages of \u0027...\u0027 in whole project\u0026quot;. 4. Repeat step 1 with all the deprecated methods in the following list: - slice - Query.select: enter select\\((\\s*.+\\s*)\\)(\\s*)\\.select in the search bar (with the regex tab enabled) to find this method easily - select - selectBatched - selectAllBatched 6. Use Edit \u0026gt; Find \u0026gt; Replace in Files... to resolve any redundant/incompatible uses of selectAll(): - Enter select\\((\\s*.+\\s*)\\)(\\s*)\\.selectAll\\(\\) in the search bar (with the regex tab enabled) - Enter select\\($1\\) in the replace bar - Confirm the results and select \u0026quot;Replace All\u0026quot; 8. Rebuild the project ","pageTitle":"Migration Steps","metaDescription":"","type":"Documentation","breadcrumbs":"","root":0,"depth":0}