{"objectID":"docs_0.51.1_deep_dive_into_dao.html#many_to_many_reference","parent":"docs_0.51.1_deep_dive_into_dao.html#overview","pageViews":0,"url":"writerside-documentation/docs/deep-dive-into-dao.html#many-to-many-reference","mainTitle":"Deep Dive into DAO","product":"docs","headings":"Deep Dive into DAO,many-to-many reference","content":"In some cases, a many-to-many reference may be required. Let\u0027s assume you want to add a reference to the following Actors table to the StarWarsFilm class:\nobject Actors: IntIdTable() {\n    val firstname \u003d varchar(\"firstname\", 50)\n    val lastname \u003d varchar(\"lastname\", 50)\n}\nclass Actor(id: EntityID\u0026lt;Int\u0026gt;): IntEntity(id) {\n    companion object : IntEntityClass\u0026lt;Actor\u0026gt;(Actors)\n    var firstname by Actors.firstname\n    var lastname by Actors.lastname\n}\nCreate an additional intermediate table to store the references:\nobject StarWarsFilmActors : Table() {\n    val starWarsFilm \u003d reference(\"starWarsFilm\", StarWarsFilms)\n    val actor \u003d reference(\"actor\", Actors)\n    override val primaryKey \u003d PrimaryKey(starWarsFilm, actor, name \u003d \"PK_StarWarsFilmActors_swf_act\") // PK_StarWarsFilmActors_swf_act is optional here\n}\nAdd a reference to StarWarsFilm:\nclass StarWarsFilm(id: EntityID\u0026lt;Int\u0026gt;) : IntEntity(id) {\n    companion object : IntEntityClass\u0026lt;StarWarsFilm\u0026gt;(StarWarsFilms)\n    ...\n    var actors by Actor via StarWarsFilmActors\n    ...\n}\nNote: You can set up IDs manually inside a transaction like this:\ntransaction {\n    // only works with UUIDTable and UUIDEntity\n    StarWarsFilm.new (UUID.randomUUID()){\n        ...\n        actors \u003d SizedCollection(listOf(actor))\n    }\n}\n","pageTitle":"many-to-many reference","metaDescription":"","type":"Documentation","breadcrumbs":"","root":0,"depth":0}