{"objectID":"docs_0.51.1_frequently_asked_questions.html#q_how_can_i_add_another_type_of_database","parent":"docs_0.51.1_frequently_asked_questions.html#q_squash_is_same_as_exposed_where_is_the_difference","pageViews":0,"url":"writerside-documentation/docs/frequently-asked-questions.html#q-how-can-i-add-another-type-of-database","mainTitle":"Frequently Asked Questions","product":"docs","headings":"Frequently Asked Questions,Q: How can I add another type of Database?","content":"A: Implement DatabaseDialect interface and register it with Database.registerDialect().If the implementation adds a lot of value consider contributing it as a PR to Exposed.\n","pageTitle":"Q: How can I add another type of Database?","metaDescription":"","type":"Documentation","breadcrumbs":"","root":0,"depth":0}