{"objectID":"docs_0.51.1_contributing.html#style_guides","parent":"docs_0.51.1_contributing.html#setup","pageViews":0,"url":"writerside-documentation/docs/contributing.html#style-guides","mainTitle":"Contributing to Exposed","product":"docs","headings":"Contributing to Exposed,Style Guides","content":"A few things to remember:\n- Your code should conform to the official Kotlin code style guide except that star imports should always be enabled. (ensure Preferences | Editor | Code Style | Kotlin, tab Imports, both Use import with \u0027*\u0027 should be checked). - Every new source file should have a copyright header. - Every public API (including functions, classes, objects and so on) should be documented, every parameter, property, return types, and exceptions should be described properly. Test functions:\n- Begin each test function name with the word test. - Employ camelCase for test function names, such as testInsertEmojisWithInvalidLength. - Refrain from using names enclosed in backticks for test functions, because KDocs cannot reference function names that contain spaces. - In the definition of test functions, use a block body instead of an assignment operator. For example, do write fun testMyTest() { withDb{} }, and avoid writing fun testMyTest() \u003d withDb{}. ","pageTitle":"Style Guides","metaDescription":"","type":"Documentation","breadcrumbs":"","root":0,"depth":0}