{"objectID":"docs_0.51.1_deep_dive_into_dsl.html#insert_from_select","parent":"docs_0.51.1_deep_dive_into_dsl.html#overview","pageViews":0,"url":"writerside-documentation/docs/deep-dive-into-dsl.html#insert-from-select","mainTitle":"Deep Dive into DSL","product":"docs","headings":"Deep Dive into DSL,Insert From Select","content":"If you want to use INSERT INTO ... SELECT SQL clause try Exposed analog Table.insert(Query).\nval substring \u003d users.name.substring(1, 2)\ncities.insert(users.select(substring).orderBy(users.id).limit(2))\nBy default it will try to insert into all non auto-increment Table columns in order they defined in Table instance. If you want to specify columns or change the order, provide list of columns as second parameter:\nval userCount \u003d users.selectAll().count()\nusers.insert(users.select(stringParam(\"Foo\"), Random().castTo\u0026lt;String\u0026gt;(VarCharColumnType()).substring(1, 10)), columns \u003d listOf(users.name, users.id))\n","pageTitle":"Insert From Select","metaDescription":"","type":"Documentation","breadcrumbs":"","root":0,"depth":0}