{"objectID":"docs_0.51.1_deep_dive_into_dao.html#sort_order_by","parent":"docs_0.51.1_deep_dive_into_dao.html#overview","pageViews":0,"url":"writerside-documentation/docs/deep-dive-into-dao.html#sort-order-by","mainTitle":"Deep Dive into DAO","product":"docs","headings":"Deep Dive into DAO,Sort (Order-by)","content":"Ascending order:\nval movies \u003d StarWarsFilm.all().sortedBy { it.sequelId }\nDescending order:\nval movies \u003d StarWarsFilm.all().sortedByDescending{ it.sequelId }\n","pageTitle":"Sort (Order-by)","metaDescription":"","type":"Documentation","breadcrumbs":"","root":0,"depth":0}