{"objectID":"docs_0.51.1_getting_started_with_exposed.html#your_first_exposed_dao","parent":"docs_0.51.1_getting_started_with_exposed.html#adding_dependencies","pageViews":0,"url":"writerside-documentation/docs/getting-started-with-exposed.html#your-first-exposed-dao","mainTitle":"Getting Started with Exposed","product":"docs","headings":"Getting Started with Exposed,Your first Exposed DAO","content":"\n\nfun main(args: Array\u0026lt;String\u0026gt;) {\n  //an example connection to H2 DB\n  Database.connect(\"jdbc:h2:mem:test\", driver \u003d \"org.h2.Driver\")\n\n  transaction {\n    // print sql to std-out\n    addLogger(StdOutSqlLogger)\n\n    SchemaUtils.create (Cities)\n\n    // insert new city. SQL: INSERT INTO Cities (name) VALUES (\u0027St. Petersburg\u0027)\n    val stPete \u003d City.new {\n            name \u003d \"St. Petersburg\"\n    }\n\n    // \u0027select *\u0027 SQL: SELECT Cities.id, Cities.name FROM Cities\n    println(\"Cities: ${City.all()}\")\n  }\n}\n\nobject Cities: IntIdTable() {\n    val name \u003d varchar(\"name\", 50)\n}\n\nclass City(id: EntityID\u0026lt;Int\u0026gt;) : IntEntity(id) {\n    companion object : IntEntityClass\u0026lt;City\u0026gt;(Cities)\n\n    var name by Cities.name\n}\nMore on DAO API\n","pageTitle":"Your first Exposed DAO","metaDescription":"","type":"Documentation","breadcrumbs":"","root":0,"depth":0}