{"objectID":"docs_0.51.1_frequently_asked_questions.html#q_how_can_i_create_a_custom_column_type","parent":"docs_0.51.1_frequently_asked_questions.html#q_squash_is_same_as_exposed_where_is_the_difference","pageViews":0,"url":"writerside-documentation/docs/frequently-asked-questions.html#q-how-can-i-create-a-custom-column-type","mainTitle":"Frequently Asked Questions","product":"docs","headings":"Frequently Asked Questions,Q: How can I create a custom column type?","content":"A: Just implements IColumnType and use registerColumn to extends a Table\neg: Create custom UUID types (inpired by @pjagielski article)\nabstract class TypedId(open val id: UUID): Serializable, Comparable\u0026lt;TypedId\u0026gt; {\n    override fun compareTo(other: TypedId) \u003d this.id.compareTo(other.id)\n}\n\nclass TypedUUIDColumnType\u0026lt;T: TypedId\u0026gt;(val constructor: (UUID) -\u0026gt; T, private val uuidColType: UUIDColumnType \u003d UUIDColumnType()): IColumnType by uuidColType {\n    override fun valueFromDB(value: Any) \u003d constructor(uuidColType.valueFromDB(value))\n    override fun notNullValueToDB(value: Any): Any \u003d uuidColType.notNullValueToDB(valueUnwrap(value))\n    override fun nonNullValueToString(value: Any): String \u003d uuidColType.nonNullValueToString(valueUnwrap(value))\n    private fun valueUnwrap(value: Any) \u003d (value as? TypedId)?.id ?: value\n}\n\nfun \u0026lt;T: TypedId\u0026gt; Table.typedUuid(name: String, constructor: (UUID) -\u0026gt; T) \u003d registerColumn\u0026lt;T\u0026gt;(name, TypedUUIDColumnType\u0026lt;T\u0026gt;(constructor))\nfun \u0026lt;T: TypedId\u0026gt; Column\u0026lt;T\u0026gt;.autoGenerate(constructor: (UUID) -\u0026gt; T): Column\u0026lt;T\u0026gt; \u003d clientDefault { constructor(UUID.randomUUID()) }\n\n\nclass StarWarsFilmId(id: UUID): TypedId(id)\n\nobject StarWarsFilms : Table() {\n    val id \u003d typedUuid(\"id\") { StarWarsFilmId(it) }.autoGenerate{ StarWarsFilmId(it) }\n    val name: Column\u0026lt;String\u0026gt; \u003d varchar(\"name\", 50)\n    val director: Column\u0026lt;String\u0026gt; \u003d varchar(\"director\", 50)\n    final override val primaryKey \u003d PrimaryKey(id)\n}\nReference: #149\n","pageTitle":"Q: How can I create a custom column type?","metaDescription":"","type":"Documentation","breadcrumbs":"","root":0,"depth":0}