{"objectID":"docs_0.51.1_contributing.html#Contributing.md","parent":"docs_0.51.1_contributing.html#setup","pageViews":0,"url":"writerside-documentation/docs/contributing.html#Contributing.md","mainTitle":"Contributing to Exposed","product":"docs","headings":"Contributing to Exposed","content":"We\u0027re delighted that you\u0027re considering contributing to Exposed!\nThere are multiple ways you can contribute:\n- Code - Documentation - Community Support - Issues and Feature Requests This project and the corresponding community is governed by the JetBrains Open Source and Community Code of Conduct. Independently of how you\u0027d like to contribute, please make sure you read and comply with it.\n","pageTitle":"Contributing to Exposed","metaDescription":"","type":"Documentation","breadcrumbs":"","root":0,"depth":0}