{"objectID":"docs_0.51.1_deep_dive_into_dao.html#ordered_reference","parent":"docs_0.51.1_deep_dive_into_dao.html#overview","pageViews":0,"url":"writerside-documentation/docs/deep-dive-into-dao.html#ordered-reference","mainTitle":"Deep Dive into DAO","product":"docs","headings":"Deep Dive into DAO,Ordered reference","content":"You can also define the order in which referenced entities appear:\nclass User(id: EntityID\u0026lt;Int\u0026gt;) : IntEntity(id) {\n    companion object : IntEntityClass\u0026lt;User\u0026gt;(Users)\n\n    ...\n    val ratings by UserRating referrersOn UserRatings.user orderBy UserRatings.value\n    ...\n}\nIn a more complex scenario, you can specify multiple columns along with the corresponding sort order for each:\nclass User(id: EntityID\u0026lt;Int\u0026gt;) : IntEntity(id) {\n    companion object : IntEntityClass\u0026lt;User\u0026gt;(Users)\n\n    ...\n    val ratings by UserRating referrersOn UserRatings.user orderBy listOf(UserRatings.value to SortOrder.DESC, UserRatings.id to SortOrder.ASC)\n    ...\n}\nWithout using the infix call, the orderBy method is chained after referrersOn:\nclass User(id: EntityID\u0026lt;Int\u0026gt;) : IntEntity(id) {\n    companion object : IntEntityClass\u0026lt;User\u0026gt;(Users)\n    \n    ...\n    val ratings by UserRating.referrersOn(UserRatings.user)\n        .orderBy(UserRatings.value to SortOrder.DESC, UserRatings.id to SortOrder.ASC)\n    ...\n","pageTitle":"Ordered reference","metaDescription":"","type":"Documentation","breadcrumbs":"","root":0,"depth":0}