{"objectID":"docs_0.51.1_contributing.html#pull_requests","parent":"docs_0.51.1_contributing.html#setup","pageViews":0,"url":"writerside-documentation/docs/contributing.html#pull-requests","mainTitle":"Contributing to Exposed","product":"docs","headings":"Contributing to Exposed,Pull Requests","content":"Contributions are made using Github pull requests:\n2. Fork the Exposed repository, because imitation is the sincerest form of flattery. 4. Clone your fork to your local machine. 6. Create a new branch for your changes. 8. Create a new PR with a request to merge to the master branch. 10. Ensure that the description is clear and refers to an existing ticket/bug if applicable, prefixing the description with EXPOSED-, where refers to the YouTrack issue. 12. When contributing a new feature, provide motivation and use-cases describing why the feature not only provides value to Exposed, but also why it would make sense to be part of the Exposed framework itself. 14. If the contribution requires updates to documentation (be it updating existing contents or creating new one), please file a new ticket on YouTrack. 16. Make sure any code contributed is covered by tests and no existing tests are broken. We use Docker containers to run tests. 18. Execute the detekt task in Gradle to perform code style validation. 20. Finally, make sure to run the apiCheck Gradle task. If it\u0027s not successful, run the apiDump Gradle task. Further information can be found here. ","pageTitle":"Pull Requests","metaDescription":"","type":"Documentation","breadcrumbs":"","root":0,"depth":0}