{"objectID":"docs_0.51.1_deep_dive_into_dsl.html#update","parent":"docs_0.51.1_deep_dive_into_dsl.html#overview","pageViews":0,"url":"writerside-documentation/docs/deep-dive-into-dsl.html#update","mainTitle":"Deep Dive into DSL","product":"docs","headings":"Deep Dive into DSL,Update","content":"StarWarsFilms.update({ StarWarsFilms.sequelId eq 8 }) {\n    it[StarWarsFilms.name] \u003d \"Episode VIII – The Last Jedi\"\n}\nIf you want to update column value with some expression like increment use update function or setter:\nStarWarsFilms.update({ StarWarsFilms.sequelId eq 8 }) {\n    with(SqlExpressionBuilder) {\n        it.update(StarWarsFilms.sequelId, StarWarsFilms.sequelId + 1)\n        // or \n        it[StarWarsFilms.sequelId] \u003d StarWarsFilms.sequelId + 1\n    }\n} \nIf you want to know the number of updated rows, this value is also returned by the update() function:\nval updatedCount \u003d StarWarsFilms.update({ StarWarsFilms.name like \"Episode%\" }) {\n    it[StarWarsFilms.director] \u003d StarWarsFilms.director.upperCase()\n}\n","pageTitle":"Update","metaDescription":"","type":"Documentation","breadcrumbs":"","root":0,"depth":0}