{"objectID":"docs_0.51.1_deep_dive_into_dsl.html#replace","parent":"docs_0.51.1_deep_dive_into_dsl.html#overview","pageViews":0,"url":"writerside-documentation/docs/deep-dive-into-dsl.html#replace","mainTitle":"Deep Dive into DSL","product":"docs","headings":"Deep Dive into DSL,Replace","content":"SQLite, MySQL, and MariaDB (as well as the H2 compatibility modes of the latter 2 databases) support a REPLACE statement that acts in a similar manner to an INSERT OR UPDATE statement. The only difference is that, if an insertion would violate a unique constraint, the existing row is deleted (not updated) before the new row is inserted.\nobject StarWarsFilms : Table() {\n    val sequelId: Column\u0026lt;Int\u0026gt; \u003d integer(\"sequel_id\").uniqueIndex()\n    val releaseYear: Column\u0026lt;Int\u0026gt; \u003d integer(\"release_year\")\n    val name: Column\u0026lt;String\u0026gt; \u003d varchar(\"name\", 50)\n    val director: Column\u0026lt;String\u0026gt; \u003d varchar(\"director\", 50)\n    val rating: Column\u0026lt;Double\u0026gt; \u003d double(\"rating\").default(10.0)\n\n    override val primaryKey \u003d PrimaryKey(sequelId, releaseYear)\n}\n\ntransaction {\n    // ...\n    // inserts a new row with default rating\n    StarWarsFilms.replace {\n        it[sequelId] \u003d 9\n        it[releaseYear] \u003d 2019\n        it[name] \u003d \"The Rise of Skywalker\"\n        it[director] \u003d \"JJ Abrams\"\n    }\n    // deletes existing row and inserts new row with set [rating]\n    StarWarsFilms.replace {\n        it[sequelId] \u003d 9\n        it[releaseYear] \u003d 2019\n        it[name] \u003d \"The Rise of Skywalker\"\n        it[director] \u003d \"JJ Abrams\"\n        it[rating] \u003d 5.2\n    }\n}\nUnlike Insert or Update, none of the supporting databases allows a WHERE clause. Also, the constraints used to assess a violation are limited to the primary key and unique indexes, so there is no parameter for a custom key set.\nThe values specified in the statement block will be used for the insert statement, and any omitted columns are set to their default values, if applicable.\nIn the example above, if the original row was inserted with a user-defined rating, then replace() was executed with a block that omitted the rating column, the newly inserted row would store the default rating value. This is because the old row was completely deleted first. ","pageTitle":"Replace","metaDescription":"","type":"Documentation","breadcrumbs":"","root":0,"depth":0}