{"objectID":"docs_0.51.1_contributing.html#community_support","parent":"docs_0.51.1_contributing.html#setup","pageViews":0,"url":"writerside-documentation/docs/contributing.html#community-support","mainTitle":"Contributing to Exposed","product":"docs","headings":"Contributing to Exposed,Community Support","content":"If you\u0027d like to help others, please join our Exposed channel on the Kotlin Slack workspace and help out. It\u0027s also a great way to learn!\n","pageTitle":"Community Support","metaDescription":"","type":"Documentation","breadcrumbs":"","root":0,"depth":0}