{"objectID":"docs_0.51.1_deep_dive_into_dsl.html#read","parent":"docs_0.51.1_deep_dive_into_dsl.html#overview","pageViews":0,"url":"writerside-documentation/docs/deep-dive-into-dsl.html#read","mainTitle":"Deep Dive into DSL","product":"docs","headings":"Deep Dive into DSL,Read","content":"val query: Query \u003d StarWarsFilms.selectAll().where { StarWarsFilms.sequelId eq 8 }\nQuery inherit Iterable so it is possible to traverse it with map/foreach etc\u0027. For example:\nStarWarsFilms.selectAll().where { StarWarsFilms.sequelId eq 8 }.forEach {\n    println(it[StarWarsFilms.name])\n}\nThere is select function which allows you to select specific columns or/and expressions.\nval filmAndDirector \u003d StarWarsFilms.select(StarWarsFilms.name, StarWarsFilms.director).map {\n    it[StarWarsFilms.name] to it[StarWarsFilms.director]\n}\nIf you want to select only distinct value then use withDistinct() function:\nval directors \u003d StarWarsFilms.select(StarWarsFilms.director).where { StarWarsFilms.sequelId less 5 }.withDistinct().map {\n    it[StarWarsFilms.director]\n}\n","pageTitle":"Read","metaDescription":"","type":"Documentation","breadcrumbs":"","root":0,"depth":0}