{"objectID":"docs_0.51.1_deep_dive_into_dao.html#update","parent":"docs_0.51.1_deep_dive_into_dao.html#overview","pageViews":0,"url":"writerside-documentation/docs/deep-dive-into-dao.html#update","mainTitle":"Deep Dive into DAO","product":"docs","headings":"Deep Dive into DAO,Update","content":"Update the value of a property similar to any property in a Kotlin class:\nmovie.name \u003d \"Episode VIII – The Last Jedi\"\n- Note: Exposed doesn\u0027t make an immediate update when you set a new value for Entity, it just stores it on the inner map. \u0026quot;Flushing\u0026quot; values to the database occurs at the end of the transaction, or before the next select * from the database. Search for an entity by its id and apply an update:\nval updatedMovie \u003d StarWarsFilm.findByIdAndUpdate(5) {\n    it.name \u003d \"Episode VIII – The Last Jedi\"\n}\nSearch for a single entity by a query and apply an update:\nval updatedMovie2 \u003d StarWarsFilm.findSingleByAndUpdate(StarWarsFilms.name eq \"The Last Jedi\") {\n    it.name \u003d \"Episode VIII – The Last Jedi\"\n}\n","pageTitle":"Update","metaDescription":"","type":"Documentation","breadcrumbs":"","root":0,"depth":0}