{"objectID":"docs_0.51.1_deep_dive_into_dao.html#optional_reference","parent":"docs_0.51.1_deep_dive_into_dao.html#overview","pageViews":0,"url":"writerside-documentation/docs/deep-dive-into-dao.html#optional-reference","mainTitle":"Deep Dive into DAO","product":"docs","headings":"Deep Dive into DAO,Optional reference","content":"You can also add an optional reference:\nobject UserRatings: IntIdTable() {\n    ...\n    val secondUser \u003d reference(\"second_user\", Users).nullable() // this reference is nullable!\n    ...\n}\nclass UserRating(id: EntityID\u0026lt;Int\u0026gt;): IntEntity(id) {\n    companion object : IntEntityClass\u0026lt;UserRating\u0026gt;(UserRatings)\n    ...\n    var secondUser by User optionalReferencedOn UserRatings.secondUser // use optionalReferencedOn for nullable references\n    ...\n}\nNow secondUser will be a nullable field, and optionalReferrersOn should be used instead of referrersOn to get all the ratings for a secondUser.\nclass User(id: EntityID\u0026lt;Int\u0026gt;): IntEntity(id) {\n    companion object : IntEntityClass\u0026lt;User\u0026gt;(Users)\n    ...\n    val secondRatings by UserRating optionalReferrersOn UserRatings.secondUser // make sure to use val and optionalReferrersOn\n    ...\n}\n","pageTitle":"Optional reference","metaDescription":"","type":"Documentation","breadcrumbs":"","root":0,"depth":0}