{"objectID":"docs_0.51.1_frequently_asked_questions.html#q_is_upsert_supported","parent":"docs_0.51.1_frequently_asked_questions.html#q_squash_is_same_as_exposed_where_is_the_difference","pageViews":0,"url":"writerside-documentation/docs/frequently-asked-questions.html#q-is-upsert-supported","mainTitle":"Frequently Asked Questions","product":"docs","headings":"Frequently Asked Questions,Q: Is  supported?","content":"A: Yes. See Insert Or Update\n","pageTitle":"Q: Is  supported?","metaDescription":"","type":"Documentation","breadcrumbs":"","root":0,"depth":0}