{"objectID":"docs_0.51.1_deep_dive_into_dsl.html#define_a_sequence","parent":"docs_0.51.1_deep_dive_into_dsl.html#overview","pageViews":0,"url":"writerside-documentation/docs/deep-dive-into-dsl.html#define-a-sequence","mainTitle":"Deep Dive into DSL","product":"docs","headings":"Deep Dive into DSL,Define a Sequence","content":"val myseq \u003d Sequence(\"my_sequence\") // my_sequence is the sequence name.\nSeveral parameters can be specified to control the properties of the sequence:\nprivate val myseq \u003d Sequence(\n    name \u003d \"my_sequence\",\n    startWith \u003d 4,\n    incrementBy \u003d 2,\n    minValue \u003d 1,\n    maxValue \u003d 10,\n    cycle \u003d true,\n    cache \u003d 20\n)\n","pageTitle":"Define a Sequence","metaDescription":"","type":"Documentation","breadcrumbs":"","root":0,"depth":0}