{"objectID":"docs_0.51.1_database_and_datasource.html#hikaricp","parent":"docs_0.51.1_database_and_datasource.html#datasource","pageViews":0,"url":"writerside-documentation/docs/database-and-datasource.html#hikaricp","mainTitle":"Working with Database and DataSource","product":"docs","headings":"Working with Database and DataSource,HikariCP","content":"To use a JDBC connection pool like HikariCP, first set up a HikariConfig class. This example uses the MySQL JDBC driver (see the official reference for MySQL configuration details):\nval config \u003d HikariConfig().apply {\n    jdbcUrl \u003d \"jdbc:mysql://localhost/dbname\"\n    driverClassName \u003d \"com.mysql.cj.jdbc.Driver\"\n    username \u003d \"username\"\n    password \u003d \"password\"\n    maximumPoolSize \u003d 6\n    // as of version 0.46.0, if these options are set here, they do not need to be duplicated in DatabaseConfig\n    isReadOnly \u003d false\n    transactionIsolation \u003d \"TRANSACTION_SERIALIZABLE\"\n}\n\n// Gradle\nimplementation \"mysql:mysql-connector-java:8.0.33\"\nimplementation \"com.zaxxer:HikariCP:4.0.3\"\nThen instantiate a HikariDataSource with this configuration class and provide it to Database.connect():\nval dataSource \u003d HikariDataSource(config)\n\nDatabase.connect(\n    datasource \u003d dataSource,\n    databaseConfig \u003d DatabaseConfig {\n        // set other parameters here\n    }\n)\nSince version 0.46.0, when configured directly in the `HikariConfig` class, values like `transactionIsolation` and `isReadOnly` will be used by Exposed when creating transactions. If they are duplicated or new values are set in DatabaseConfig, the latter will be treated as an override in the same way that setting these parameters on an individual transaction block overrides the default settings.\nIt is therefore recommended to not set these values in DatabaseConfig unless the intention is for the new value to override the Hikari settings.\n","pageTitle":"HikariCP","metaDescription":"","type":"Documentation","breadcrumbs":"","root":0,"depth":0}