{"objectID":"docs_0.51.1_deep_dive_into_dao.html#eager_loading","parent":"docs_0.51.1_deep_dive_into_dao.html#overview","pageViews":0,"url":"writerside-documentation/docs/deep-dive-into-dao.html#eager-loading","mainTitle":"Deep Dive into DAO","product":"docs","headings":"Deep Dive into DAO,Eager Loading","content":"Available since 0.13.1. References in Exposed are lazily loaded, meaning queries to fetch the data for the reference are made at the moment the reference is first utilised. For scenarios wherefore you know you will require references ahead of time, Exposed can eager load them at the time of the parent query, this is prevents the classic \u0026quot;N+1\u0026quot; problem as references can be aggregated and loaded in a single query. To eager load a reference you can call the \u0026quot;load\u0026quot; function and pass the DAO\u0027s reference as a KProperty:\nStarWarsFilm.findById(1).load(StarWarsFilm::actors)\nThis works for references of references also, for example if Actors had a rating reference you could:\nStarWarsFilm.findById(1).load(StarWarsFilm::actors, Actor::rating)\nSimilarly, you can eagerly load references on Collections of DAO\u0027s such as Lists and SizedIterables, for collections you can use the with function in the same fashion as before, passing the DAO\u0027s references as KProperty\u0027s.\nStarWarsFilm.all().with(StarWarsFilm::actors)\nNOTE: References that are eagerly loaded are stored inside the transaction cache; this means that they are not available in other transactions and thus must be loaded and referenced inside the same transaction. As of 0.35.1, enabling keepLoadedReferencesOutOfTransaction in DatabaseConfig will allow getting referenced values outside the transaction block.\n","pageTitle":"Eager Loading","metaDescription":"","type":"Documentation","breadcrumbs":"","root":0,"depth":0}