{"objectID":"docs_0.51.1_deep_dive_into_dsl.html#create","parent":"docs_0.51.1_deep_dive_into_dsl.html#overview","pageViews":0,"url":"writerside-documentation/docs/deep-dive-into-dsl.html#create","mainTitle":"Deep Dive into DSL","product":"docs","headings":"Deep Dive into DSL,Create","content":"To create a new table row, you use the insert query. Exposed provides several functions to insert rows into a table:\n- insert adds a new row. If the same row already exists in the table, it throws an exception.\n// SQL: INSERT INTO CITIES (COUNTRY, \"NAME\", POPULATION)\n// VALUES (\u0027RUSSIA\u0027, \u0027St. Petersburg\u0027, 300)\nCities.insert {\n    it[name] \u003d \"St. Petersburg\"\n    it[country] \u003d Country.RUSSIA\n    it[population] \u003d 500\n}\n- insertAndGetId adds a new row and returns its ID. If the same row already exists in the table, it throws an exception. Works only with IntIdTable() tables.\n// SQL: INSERT INTO CITIES (COUNTRY, \"NAME\", POPULATION)\n// VALUES (\u0027RUSSIA\u0027, \u0027St. Petersburg\u0027, 300)\nval id \u003d Cities.insertAndGetId {\n    it[name] \u003d \"St. Petersburg\"\n    it[country] \u003d Country.RUSSIA\n    it[population] \u003d 500\n}\n- insertIgnore adds a new row. If the same row already exists in the table, it ignores it and doesn\u0027t throw an exception. This function is supported only for MySQL, PostgreSQL, and SQLite.\n// SQL: INSERT IGNORE INTO CITIES (COUNTRY, \"NAME\", POPULATION)\n// VALUES (\u0027RUSSIA\u0027, \u0027St. Petersburg\u0027, 300)\nCities.insertIgnore {\n    it[name] \u003d \"St. Petersburg\"\n    it[country] \u003d Country.RUSSIA\n    it[population] \u003d 500\n}\n- insertIgnoreAndGetId adds a new row and returns its ID. If the same row already exists in the table, it ignores it and doesn\u0027t throw an exception. This function is supported only for MySQL, PostgreSQL, and SQLite. Works only with IntIdTable() tables.\n// SQL: INSERT IGNORE INTO CITIES (COUNTRY, \"NAME\", POPULATION)\n// VALUES (\u0027RUSSIA\u0027, \u0027St. Petersburg\u0027, 300)\nval id \u003d Cities.insertIgnoreAndGetId {\n    it[name] \u003d \"St. Petersburg\"\n    it[country] \u003d Country.RUSSIA\n    it[population] \u003d 500\n}\nSome databases return a count of the number of rows inserted, updated, or deleted by the CRUD operation. For insert(), upsert(), and replace(), this value can be accessed using the statement class property, insertedCount:\nval insertStatement \u003d StarWarsFilms.insertIgnore {\n     it[name] \u003d \"The Last Jedi\"\n    it[sequelId] \u003d 8\n    it[director] \u003d \"Rian Johnson\"\n}\nval rowCount: Int \u003d insertStatement.insertedCount\n","pageTitle":"Create","metaDescription":"","type":"Documentation","breadcrumbs":"","root":0,"depth":0}