{"objectID":"docs_0.51.1_sql_functions.html#min_max_average","parent":"docs_0.51.1_sql_functions.html#how_to_use_functions","pageViews":0,"url":"writerside-documentation/docs/sql-functions.html#min-max-average","mainTitle":"SQL Functions","product":"docs","headings":"SQL Functions,Min/Max/Average","content":"Returns minimum/maximum/average value and can be applied to any comparable expression:\nval minId \u003d FooTable.id.min()\nval maxId \u003d FooTable.id.max()\nval averageId \u003d FooTable.id.avg()\nval (min, max, avg) \u003d FooTable.select(minId, maxId, averageId).map { \n    Triple(it[minId], it[maxId], it[averageId]) \n}\n\n","pageTitle":"Min/Max/Average","metaDescription":"","type":"Documentation","breadcrumbs":"Exposed Modules","root":0,"depth":1}