{"objectID":"docs_0.51.1_transactions.html#setting_default_database","parent":"docs_0.51.1_transactions.html#overview","pageViews":0,"url":"writerside-documentation/docs/transactions.html#setting-default-database","mainTitle":"Transactions","product":"docs","headings":"Transactions,Setting default database","content":"transaction block without parameters will use the default database. As before 0.10.1 this will be the latest connected database. It is also possible to set the default database explicitly.\nval db \u003d Database.connect()\nTransactionManager.defaultDatabase \u003d db\n","pageTitle":"Setting default database","metaDescription":"","type":"Documentation","breadcrumbs":"","root":0,"depth":0}