{"objectID":"docs_0.51.1_frequently_asked_questions.html#q_how_to_prepare_query_like_select_from_table_where_x_y_in_1_2_3_4_5_6","parent":"docs_0.51.1_frequently_asked_questions.html#q_squash_is_same_as_exposed_where_is_the_difference","pageViews":0,"url":"writerside-documentation/docs/frequently-asked-questions.html#q-how-to-prepare-query-like-select-from-table-where-x-y-in-1-2-3-4-5-6","mainTitle":"Frequently Asked Questions","product":"docs","headings":"Frequently Asked Questions,Q: How to prepare query like:","content":"A: It possible with custom function. See example.\n","pageTitle":"Q: How to prepare query like:","metaDescription":"","type":"Documentation","breadcrumbs":"","root":0,"depth":0}