{"objectID":"docs_0.51.1_deep_dive_into_dsl.html#use_the_nextval_function","parent":"docs_0.51.1_deep_dive_into_dsl.html#overview","pageViews":0,"url":"writerside-documentation/docs/deep-dive-into-dsl.html#use-the-nextval-function","mainTitle":"Deep Dive into DSL","product":"docs","headings":"Deep Dive into DSL,Use the NextVal function","content":"You can use the nextVal function like this:\nval nextVal \u003d myseq.nextVal()\nval id \u003d StarWarsFilms.insertAndGetId {\n    it[id] \u003d nextVal\n    it[name] \u003d \"The Last Jedi\"\n    it[sequelId] \u003d 8\n    it[director] \u003d \"Rian Johnson\"\n}\nval firstValue \u003d StarWarsFilms.select(nextVal).single()[nextVal]\n","pageTitle":"Use the NextVal function","metaDescription":"","type":"Documentation","breadcrumbs":"","root":0,"depth":0}