{"objectID":"docs_0.51.1_transactions.html#working_with_coroutines","parent":"docs_0.51.1_transactions.html#overview","pageViews":0,"url":"writerside-documentation/docs/transactions.html#working-with-coroutines","mainTitle":"Transactions","product":"docs","headings":"Transactions,Working with Coroutines","content":"In the modern world, non-blocking and asynchronous code is popular. Kotlin has Coroutines, which provide an imperative way to write asynchronous code. Most Kotlin frameworks (like Ktor) have built-in support for coroutines, while Exposed is mostly blocking.\nWhy?\nBecause Exposed interacts with databases using JDBC API, which was designed in an era of blocking APIs. Additionally, Exposed stores some values in thread-local variables while coroutines could (and will) be executed in different threads.\nStarting from Exposed 0.15.1, bridge functions are available that give you a safe way to interact with Exposed within suspend blocks: newSuspendedTransaction() and Transaction.withSuspendTransaction(). These have the same parameters as a blocking transaction() but allow you to provide a CoroutineContext argument that explicitly specifies the CoroutineDispatcher in which the function will be executed. If context is not provided your code will be executed within the current CoroutineContext.\nHere is an example that uses these three types of transactions:\ntransaction {\n    println(\"Transaction # ${this.id}\") // Transaction # 1\n    SchemaUtils.create(FooTable) // Table will be created on a current thread\n\n    runBlocking {\n        newSuspendedTransaction(Dispatchers.Default) {\n            println(\"Transaction # ${this.id}\") // Transaction # 2\n            FooTable.insert { it[id] \u003d 1 }  // This insert will be executed in one of the Default dispatcher threads\n\n            withSuspendTransaction {\n                println(\"Transaction # ${this.id}\") // Transaction # 2\n                // This select also will be executed on some thread from Default dispatcher using the same transaction as its parent\n                FooTable.selectAll().where { FooTable.id eq 1 }.single()[FooTable.id]\n            }\n        }\n    }\n\n    transaction {\n        println(\"Transaction # ${this.id}\") // Transaction # 1\n    }\n\n    runBlocking {\n        val result \u003d newSuspendedTransaction(Dispatchers.IO) {\n            println(\"Transaction # ${this.id}\") // Transaction # 3\n            FooTable.selectAll().where { FooTable.id eq 1 }.single()[FooTable.id] // This select will be executed on some thread from IO dispatcher\n        }\n        println(\"Result: $result\") // Result: 1\n    }\n\n    SchemaUtils.drop(Testing)\n}\nPlease note that such code remains blocking (as it still uses JDBC) and you should not try to share a transaction between multiple threads as it may lead to undefined behavior.\nIf you desire to execute some code asynchronously and use the result later, take a look at suspendedTransactionAsync():\nrunBlocking {\n    val launchResult \u003d suspendedTransactionAsync(Dispatchers.IO) {\n        FooTable.insert { it[id] \u003d 2 }\n\n        FooTable.selectAll().where { FooTable.id eq 2 }.singleOrNull()?.getOrNull(FooTable.id)\n    }\n    \n    println(\"Async result: \" + (launchResult.await() ?: -1)) // Async result: 2\n}\nThis function will accept the same parameters as newSuspendedTransaction() above but returns its future result as an implementation of Deferred, which you can await on to achieve your result.\n`newSuspendedTransaction` and `suspendedTransactionAsync` are always executed in a new transaction to prevent concurrency issues when query execution order could be changed by the `CoroutineDispatcher`. This means that nesting these suspend transactions may not result in the same behavior as nested `transaction`s (when `useNestedTransactions \u003d false`), as was shown in [the previous section](#using-nested-transactions). ","pageTitle":"Working with Coroutines","metaDescription":"","type":"Documentation","breadcrumbs":"","root":0,"depth":0}