{"objectID":"docs_0.51.1_deep_dive_into_dao.html#many_to_one_reference","parent":"docs_0.51.1_deep_dive_into_dao.html#overview","pageViews":0,"url":"writerside-documentation/docs/deep-dive-into-dao.html#many-to-one-reference","mainTitle":"Deep Dive into DAO","product":"docs","headings":"Deep Dive into DAO,many-to-one reference","content":"Let\u0027s say you have this table:\nobject Users : IntIdTable() {\n    val name \u003d varchar(\"name\", 50)\n}\nclass User(id: EntityID\u0026lt;Int\u0026gt;) : IntEntity(id) {\n    companion object : IntEntityClass\u0026lt;User\u0026gt;(Users)\n    var name by Users.name\n}\nAnd now you want to add a table referencing this table (and other tables!):\nobject UserRatings : IntIdTable() {\n    val value \u003d long(\"value\")\n    val film \u003d reference(\"film\", StarWarsFilms)\n    val user \u003d reference(\"user\", Users)\n}\nclass UserRating(id: EntityID\u0026lt;Int\u0026gt;) : IntEntity(id) {\n    companion object : IntEntityClass\u0026lt;UserRating\u0026gt;(UserRatings)\n    var value by UserRatings.value\n    var film by StarWarsFilm referencedOn UserRatings.film // use referencedOn for normal references\n    var user by User referencedOn UserRatings.user\n}\nNow you can get the film for a UserRating object, filmRating, in the same way you would get any other field:\nfilmRating.film // returns a StarWarsFilm object\nNow if you wanted to get all the ratings for a film, you could do that by using the filmRating.find function, but it is much easier to just add a referrersOn field to the StarWarsFilm class:\nclass StarWarsFilm(id: EntityID\u0026lt;Int\u0026gt;) : IntEntity(id) {\n    companion object : IntEntityClass\u0026lt;StarWarsFilm\u0026gt;(StarWarsFilms)\n    ...\n    val ratings by UserRating referrersOn UserRatings.film // make sure to use val and referrersOn\n    ...\n}\nYou can then access this field on a StarWarsFilm object, movie:\nmovie.ratings // returns all UserRating objects with this movie as film\nNow imagine a scenario where a user only ever rates a single film. If you want to get the single rating for that user, you can add a backReferencedOn field to the User class to access the UserRating table data:\nclass User(id: EntityID\u0026lt;Int\u0026gt;) : IntEntity(id) {\n    companion object : IntEntityClass\u0026lt;User\u0026gt;(Users)\n    ...\n    val rating by UserRating backReferencedOn UserRatings.user // make sure to use val and backReferencedOn\n}\nYou can then access this field on a User object, user1:\nuser1.rating // returns a UserRating object\n","pageTitle":"many-to-one reference","metaDescription":"","type":"Documentation","breadcrumbs":"","root":0,"depth":0}