{"objectID":"docs_0.51.1_deep_dive_into_dsl.html#count","parent":"docs_0.51.1_deep_dive_into_dsl.html#overview","pageViews":0,"url":"writerside-documentation/docs/deep-dive-into-dsl.html#count","mainTitle":"Deep Dive into DSL","product":"docs","headings":"Deep Dive into DSL,Count","content":"count() is a method of Query that is used like in the example below:\nval count \u003d StarWarsFilms.selectAll().where { StarWarsFilms.sequelId eq 8 }.count()\n","pageTitle":"Count","metaDescription":"","type":"Documentation","breadcrumbs":"","root":0,"depth":0}