{"objectID":"docs_0.51.1_frequently_asked_questions.html#q_is_it_possible_to_update_a_field_relative_to_current_field_value","parent":"docs_0.51.1_frequently_asked_questions.html#q_squash_is_same_as_exposed_where_is_the_difference","pageViews":0,"url":"writerside-documentation/docs/frequently-asked-questions.html#q-is-it-possible-to-update-a-field-relative-to-current-field-value","mainTitle":"Frequently Asked Questions","product":"docs","headings":"Frequently Asked Questions,Q: Is it possible to update a field relative to current field value?","content":"A: Yes. See example here: https://github.com/JetBrains/Exposed/wiki/DSL#update\n","pageTitle":"Q: Is it possible to update a field relative to current field value?","metaDescription":"","type":"Documentation","breadcrumbs":"","root":0,"depth":0}