{"objectID":"docs_0.51.1_sql_functions.html#locate","parent":"docs_0.51.1_sql_functions.html#how_to_use_functions","pageViews":0,"url":"writerside-documentation/docs/sql-functions.html#locate","mainTitle":"SQL Functions","product":"docs","headings":"SQL Functions,Locate","content":"Returns the index of the first occurrence of a specified substring or 0.\nval firstAIndex \u003d FooTable.name.locate(\"a\")\nval firstAIndices \u003d FooTable.select(firstAIndex).map { it[firstAIndex] }\n\n","pageTitle":"Locate","metaDescription":"","type":"Documentation","breadcrumbs":"Exposed Modules","root":0,"depth":1}