{"objectID":"docs_0.51.1_deep_dive_into_dsl.html#where_expression","parent":"docs_0.51.1_deep_dive_into_dsl.html#overview","pageViews":0,"url":"writerside-documentation/docs/deep-dive-into-dsl.html#where-expression","mainTitle":"Deep Dive into DSL","product":"docs","headings":"Deep Dive into DSL,Where expression","content":"Query expression (where) expects a boolean operator (ie: Op\u0026lt;Boolean\u0026gt;). Allowed conditions are:\neq - (\u003d\u003d)\nneq - (!\u003d)\nisNull()\nisNotNull()\nless - (\u0026lt;)\nlessEq - (\u0026lt;\u003d)\ngreater - (\u0026gt;)\ngreaterEq - (\u0026gt;\u003d)\nlike - (\u003d~)\nnotLike - (!~)\nexists\nnotExists\nregexp\ninList\nnotInList\nbetween\nmatch (MySQL MATCH AGAINST)\nisDistinctFrom (null-safe equality comparison)\nisNotDistinctFrom (null-safe equality comparison)\nAllowed logical conditions are:\nnot\nand\nor\nandIfNotNull\norIfNotNull\ncompoundAnd()\ncompoundOr()\n","pageTitle":"Where expression","metaDescription":"","type":"Documentation","breadcrumbs":"","root":0,"depth":0}