{"objectID":"docs_0.51.1_deep_dive_into_dao.html#read_entity_with_a_join_to_another_table","parent":"docs_0.51.1_deep_dive_into_dao.html#overview","pageViews":0,"url":"writerside-documentation/docs/deep-dive-into-dao.html#read-entity-with-a-join-to-another-table","mainTitle":"Deep Dive into DAO","product":"docs","headings":"Deep Dive into DAO,Read entity with a join to another table","content":"Let\u0027s imagine that you want to find all users who rated second SW film with more than 5. First of all, we should write that query using Exposed DSL.\nval query \u003d Users.innerJoin(UserRatings).innerJoin(StarWarsFilm)\n    .select(Users.columns)\n    .where {\n        StarWarsFilms.sequelId eq 2 and (UserRatings.value gt 5) \n    }.withDistinct()\nAfter that all we have to do is to \u0026quot;wrap\u0026quot; a result with User entity:\nval users \u003d User.wrapRows(query).toList()\n","pageTitle":"Read entity with a join to another table","metaDescription":"","type":"Documentation","breadcrumbs":"","root":0,"depth":0}