{"objectID":"docs_0.51.1_database_and_datasource.html#datasource","parent":"docs_0.51.1_database_and_datasource.html#datasource","pageViews":0,"url":"writerside-documentation/docs/database-and-datasource.html#datasource","mainTitle":"Working with Database and DataSource","product":"docs","headings":"Working with Database and DataSource,DataSource","content":"- PostgresSQL Database.connect(\"jdbc:postgresql://localhost:12346/test\", driver \u003d \"org.postgresql.Driver\", \n                 user \u003d \"root\", password \u003d \"your_pwd\")  \n// Gradle\nimplementation(\"org.postgresql:postgresql:42.7.1\")  \n- PostgresSQL using the pgjdbc-ng JDBC driver Database.connect(\"jdbc:pgsql://localhost:12346/test\", driver \u003d \"com.impossibl.postgres.jdbc.PGDriver\", \n                 user \u003d \"root\", password \u003d \"your_pwd\")  \n// Gradle\nimplementation(\"com.impossibl.pgjdbc-ng:pgjdbc-ng:0.8.9\")  \n- MySQL Database.connect(\"jdbc:mysql://localhost:3306/test\", driver \u003d \"com.mysql.cj.jdbc.Driver\", \n                 user \u003d \"root\", password \u003d \"your_pwd\")  \n// Gradle\nimplementation(\"mysql:mysql-connector-java:8.0.33\")\n- MariaDB Database.connect(\"jdbc:mariadb://localhost:3306/test\", driver \u003d \"org.mariadb.jdbc.Driver\", \n                 user \u003d \"root\", password \u003d \"your_pwd\")  \n// Gradle\nimplementation(\"org.mariadb.jdbc:mariadb-java-client:3.3.1\")\n- Oracle Database.connect(\"jdbc:oracle:thin:@//localhost:1521/test\", driver \u003d \"oracle.jdbc.OracleDriver\", \n                 user \u003d \"root\", password \u003d \"your_pwd\")  \n// Gradle\n// Oracle jdbc-driver should be obtained from Oracle maven repo: https://blogs.oracle.com/dev2dev/get-oracle-jdbc-drivers-and-ucp-from-oracle-maven-repository-without-ides\n- SQLite // In file\nDatabase.connect(\"jdbc:sqlite:/data/data.db\", \"org.sqlite.JDBC\")  \n// In memory\nDatabase.connect(\"jdbc:sqlite:file:test?mode\u003dmemory\u0026cache\u003dshared\", \"org.sqlite.JDBC\")  \n// For both: set SQLite compatible isolation level, see \n// https://github.com/JetBrains/Exposed/wiki/FAQ\nTransactionManager.manager.defaultIsolationLevel \u003d \n    Connection.TRANSACTION_SERIALIZABLE\n    // or Connection.TRANSACTION_READ_UNCOMMITTED\n// Gradle\nimplementation(\"org.xerial:sqlite-jdbc:3.44.1.0\")  \n- H2 // Database in file, needs full path or relative path starting with ./\nDatabase.connect(\"jdbc:h2:./myh2file\", \"org.h2.Driver\")\n// In memory\nDatabase.connect(\"jdbc:h2:mem:regular\", \"org.h2.Driver\")  \n// In memory / keep alive between connections/transactions\nDatabase.connect(\"jdbc:h2:mem:regular;DB_CLOSE_DELAY\u003d-1;\", \"org.h2.Driver\")  \n// Gradle\nimplementation(\"com.h2database:h2:2.2.224\")  \n- SQL Server Database.connect(\"jdbc:sqlserver://localhost:32768;databaseName\u003dtest\", \"com.microsoft.sqlserver.jdbc.SQLServerDriver\", \n                 user \u003d \"root\", password \u003d \"your_pwd\")  \n// Gradle\nimplementation(\"com.microsoft.sqlserver:mssql-jdbc:9.4.1.jre8\")  \n","pageTitle":"DataSource","metaDescription":"","type":"Documentation","breadcrumbs":"","root":0,"depth":0}