{"objectID":"docs_0.51.1_sql_functions.html#SQL_Functions.md","parent":"docs_0.51.1_sql_functions.html#how_to_use_functions","pageViews":0,"url":"writerside-documentation/docs/sql-functions.html#SQL-Functions.md","mainTitle":"SQL Functions","product":"docs","headings":"SQL Functions","content":"Exposed provides basic support for classic SQL functions. This topic consists of definitions for those functions, and their usage examples. It also explains how to define custom functions.\n","pageTitle":"SQL Functions","metaDescription":"","type":"Documentation","breadcrumbs":"Exposed Modules","root":0,"depth":1}