{"objectID":"docs_0.51.1_frequently_asked_questions.html#q_is_json_type_supported","parent":"docs_0.51.1_frequently_asked_questions.html#q_squash_is_same_as_exposed_where_is_the_difference","pageViews":0,"url":"writerside-documentation/docs/frequently-asked-questions.html#q-is-json-type-supported","mainTitle":"Frequently Asked Questions","product":"docs","headings":"Frequently Asked Questions,Q: Is  type supported?","content":"A: Yes. See JSON\n","pageTitle":"Q: Is  type supported?","metaDescription":"","type":"Documentation","breadcrumbs":"","root":0,"depth":0}