{"objectID":"docs_0.51.1_deep_dive_into_dao.html#add_computed_fields_to_entity_class","parent":"docs_0.51.1_deep_dive_into_dao.html#overview","pageViews":0,"url":"writerside-documentation/docs/deep-dive-into-dao.html#add-computed-fields-to-entity-class","mainTitle":"Deep Dive into DAO","product":"docs","headings":"Deep Dive into DAO,Add computed fields to entity class","content":"Imagine that you want to use a window function to rank films with each entity fetch. The companion object of the entity class can override any open function in EntityClass, but to achieve this functionality only searchQuery() needs to be overriden. The results of the function can then be accessed using a property of the entity class:\nobject StarWarsFilms : IntIdTable() {\n    val sequelId \u003d integer(\"sequel_id\").uniqueIndex()\n    val name \u003d varchar(\"name\", 50)\n    val rating \u003d double(\"rating\")\n\n    val rank \u003d Rank().over().orderBy(rating, SortOrder.DESC)\n}\n\nclass StarWarsFilm(id: EntityID\u0026lt;Int\u0026gt;) : IntEntity(id) {\n    var sequelId by StarWarsFilms.sequelId\n    var name by StarWarsFilms.name\n    var rating by StarWarsFilms.rating\n\n    val rank: Long\n        get() \u003d readValues[StarWarsFilms.rank]\n\n    companion object : IntEntityClass\u0026lt;StarWarsFilm\u0026gt;(StarWarsFilms) {\n        override fun searchQuery(op: Op\u0026lt;Boolean\u0026gt;): Query {\n            return super.searchQuery(op).adjustSelect {\n                select(columns + StarWarsFilms.rank).set\n            }\n        }\n    }\n}\n\ntransaction {\n    StarWarsFilm.new {\n        sequelId \u003d 8\n        name \u003d \"The Last Jedi\"\n        rating \u003d 4.2\n    }\n    // more insertions ...\n    entityCache.clear()\n\n    // fetch entities with value (or store entities then read value)\n    StarWarsFilm.find { StarWarsFilms.name like \"The%\" }.map { it.name to it.rank }\n}\n","pageTitle":"Add computed fields to entity class","metaDescription":"","type":"Documentation","breadcrumbs":"","root":0,"depth":0}