{"objectID":"docs_0.51.1_sql_functions.html#window_functions","parent":"docs_0.51.1_sql_functions.html#how_to_use_functions","pageViews":0,"url":"writerside-documentation/docs/sql-functions.html#window-functions","mainTitle":"SQL Functions","product":"docs","headings":"SQL Functions,Window Functions","content":"Window functions allow calculations across a set of table rows that are related to the current row.\nExisting aggregate functions (like sum(), avg()) can be used, as well as new rank and value functions:\n- cumeDist() - denseRank() - firstValue() - lag() - lastValue() - lead() - nthValue() - nTile() - percentRank() - rank() - rowNumber() To use a window function, include the OVER clause by chaining .over() after the function call. A PARTITION BY and ORDER BY clause can be optionally chained using .partitionBy() and .orderBy(), which both take multiple arguments:\nFooTable.amount.sum().over().partitionBy(FooTable.year, FooTable.product).orderBy(FooTable.amount)\n\nrowNumber().over().partitionBy(FooTable.year, FooTable.product).orderBy(FooTable.amount)\n\nFooTable.amount.sum().over().orderBy(FooTable.year to SortOrder.DESC, FooTable.product to SortOrder.ASC_NULLS_FIRST)\nFrame clause functions (like rows(), range(), and groups()) are also supported and take a WindowFrameBound option depending on the expected result:\n- WindowFrameBound.currentRow() - WindowFrameBound.unboundedPreceding() - WindowFrameBound.unboundedFollowing() - WindowFrameBound.offsetPreceding() - WindowFrameBound.offsetFollowing() FooTable.amount.sum().over()\n    .partitionBy(FooTable.year, FooTable.product)\n    .orderBy(FooTable.amount)\n    .range(WindowFrameBound.offsetPreceding(2), WindowFrameBound.currentRow())\nIf multiple frame clause functions are chained together, only the last one will be used. ","pageTitle":"Window Functions","metaDescription":"","type":"Documentation","breadcrumbs":"Exposed Modules","root":0,"depth":1}