{"objectID":"docs_0.51.1_exposed_modules.html#exposed_0_17_x_and_lower","parent":"docs_0.51.1_exposed_modules.html#dependencies","pageViews":0,"url":"writerside-documentation/docs/exposed-modules.html#exposed-0-17-x-and-lower","mainTitle":"Exposed Modules","product":"docs","headings":"Exposed Modules,Exposed 0.17.x and lower","content":"Prior Exposed 0.18.1 there was only one base module exposed which contains everything you may need including JodaTime as date-time library. To add Exposed framework of that version, you had to use:\n\u003cb\u003eKotlin Gradle\u003c/b\u003e dependencies {\n    implementation(\"org.jetbrains.exposed:exposed:0.17.7\")\n}\n\u003cb\u003eMaven\u003c/b\u003e \u0026lt;dependencies\u0026gt;\n    \u0026lt;dependency\u0026gt;\n        \u0026lt;groupId\u0026gt;org.jetbrains.exposed\u0026lt;/groupId\u0026gt;\n        \u0026lt;artifactId\u0026gt;exposed\u0026lt;/artifactId\u0026gt;\n        \u0026lt;version\u0026gt;0.17.7\u0026lt;/version\u0026gt;\n    \u0026lt;/dependency\u0026gt;\n\u0026lt;/dependencies\u0026gt;\n\u003cb\u003eGroovy Gradle\u003c/b\u003e dependencies {\n    implementation(\"org.jetbrains.exposed:exposed:0.17.7\")\n}\n","pageTitle":"Exposed 0.17.x and lower","metaDescription":"","type":"Documentation","breadcrumbs":"","root":0,"depth":0}