{"objectID":"docs_0.51.1_sql_functions.html#charlength","parent":"docs_0.51.1_sql_functions.html#how_to_use_functions","pageViews":0,"url":"writerside-documentation/docs/sql-functions.html#charlength","mainTitle":"SQL Functions","product":"docs","headings":"SQL Functions,CharLength","content":"Returns the length, measured in characters, or null if the String value is null.\nval nameLength \u003d FooTable.name.charLength()\nval nameLengths \u003d FooTable.select(nameLength).map { it[nameLength] }\n\n","pageTitle":"CharLength","metaDescription":"","type":"Documentation","breadcrumbs":"Exposed Modules","root":0,"depth":1}