{"objectID":"docs_0.51.1_breaking_changes.html#0_50_0","parent":"docs_0.51.1_breaking_changes.html#0_51_0","pageViews":0,"url":"writerside-documentation/docs/breaking-changes.html#0-50-0","mainTitle":"Breaking Changes","product":"docs","headings":"Breaking Changes,0.50.0","content":"- The Transaction class property repetitionAttempts is being deprecated in favor of maxAttempts. Additionally, the property minRepetitionDelay should be replaced with minRetryDelay, and maxRepetitionDelay with maxRetryDelay. These changes also affect the default variants of these properties in DatabaseConfig. - The property maxAttempts represents the maximum amount of attempts to perform a transaction block. Setting it, or the now deprecated repetitionAttempts, to a value less than 1 now throws an IllegalArgumentException. - IColumnType and ColumnType now expect a type argument. IColumnType.valueFromDB() also no longer has a default implementation, so an override for this method must be provided in any custom column type implementation. Check this pull request for details regarding this change. ","pageTitle":"0.50.0","metaDescription":"","type":"Documentation","breadcrumbs":"","root":0,"depth":0}