{"objectID":"docs_0.51.1_data_types.html#how_to_use_json_and_jsonb_types","parent":"docs_0.51.1_data_types.html#how_to_use_database_enum_types","pageViews":0,"url":"writerside-documentation/docs/data-types.html#how-to-use-json-and-jsonb-types","mainTitle":"Data Types","product":"docs","headings":"Data Types,How to use Json and JsonB types","content":"Add the following dependencies to your build.gradle.kts:\nval exposedVersion: String by project\n\ndependencies {\n    implementation(\"org.jetbrains.exposed:exposed-core:$exposedVersion\")\n    implementation(\"org.jetbrains.exposed:exposed-json:$exposedVersion\")\n}\nExposed works together with the JSON serialization/deserialization library of your choice by allowing column definitions that accept generic serializer and deserializer arguments:\nfun \u0026lt;T : Any\u0026gt; json(name: String, serialize: (T) -\u0026gt; String, deserialize: (String) -\u0026gt; T): Column\u0026lt;T\u0026gt;\n\nfun \u0026lt;T : Any\u0026gt; jsonb(name: String, serialize: (T) -\u0026gt; String, deserialize: (String) -\u0026gt; T): Column\u0026lt;T\u0026gt;\nHere\u0027s an example that leverages kotlinx.serialization to support @Serializable classes. It uses a simpler form of json() that relies on the library\u0027s KSerializer interface:\n@Serializable\ndata class Project(val name: String, val language: String, val active: Boolean)\n\nval format \u003d Json { prettyPrint \u003d true }\n\nobject Teams : Table(\"team\") {\n    val groupId \u003d varchar(\"group_id\", 32)\n    val project \u003d json\u0026lt;Project\u0026gt;(\"project\", format) // equivalent to json(\"project\", format, Project.serializer())\n}\n\ntransaction {\n    val mainProject \u003d Project(\"Main\", \"Java\", true)\n    Teams.insert {\n        it[groupId] \u003d \"A\"\n        it[project] \u003d mainProject\n    }\n    Teams.update({ Teams.groupId eq \"A\" }) {\n        it[project] \u003d mainProject.copy(language \u003d \"Kotlin\")\n    }\n\n    Teams.selectAll().map { \"Team ${it[Teams.groupId]} -\u0026gt; ${it[Teams.project]}\" }.forEach { println(it) }\n    // Team A -\u0026gt; Project(name\u003dMain, language\u003dKotlin, active\u003dtrue)\n}\nHere\u0027s how the same Project and Teams would be defined using Jackson with the jackson-module-kotlin dependency and the full form of json():\nval mapper \u003d jacksonObjectMapper()\n\ndata class Project(val name: String, val language: String, val active: Boolean)\n\nobject Teams : Table(\"team\") {\n    val groupId \u003d varchar(\"group_id\", 32)\n    val project \u003d json(\"project\", { mapper.writeValueAsString(it) }, { mapper.readValue\u0026lt;Project\u0026gt;(it) })\n}\n","pageTitle":"How to use Json and JsonB types","metaDescription":"","type":"Documentation","breadcrumbs":"Exposed Modules","root":0,"depth":1}