{"objectID":"docs_0.51.1_deep_dive_into_dsl.html#order_by","parent":"docs_0.51.1_deep_dive_into_dsl.html#overview","pageViews":0,"url":"writerside-documentation/docs/deep-dive-into-dsl.html#order-by","mainTitle":"Deep Dive into DSL","product":"docs","headings":"Deep Dive into DSL,Order-by","content":"Order-by accepts a list of columns mapped to boolean indicates if sorting should be ascending or descending. Example:\nStarWarsFilms.selectAll().orderBy(StarWarsFilms.sequelId to SortOrder.ASC)\n","pageTitle":"Order-by","metaDescription":"","type":"Documentation","breadcrumbs":"","root":0,"depth":0}