{"objectID":"docs_0.51.1_deep_dive_into_dsl.html#check_for_a_match_in_a_collection","parent":"docs_0.51.1_deep_dive_into_dsl.html#overview","pageViews":0,"url":"writerside-documentation/docs/deep-dive-into-dsl.html#check-for-a-match-in-a-collection","mainTitle":"Deep Dive into DSL","product":"docs","headings":"Deep Dive into DSL,Check for a match in a collection","content":"StarWarsFilms.selectAll().where { StarWarsFilms.sequelId inList listOf(6, 4) }\ninList also accepts multiple expressions to check for equality, either as a Pair or a Triple:\nval topRated \u003d listOf(5 to \"Empire Strikes Back\", 4 to \"A New Hope\")\nStarWarsFilms.selectAll().where {\n    StarWarsFilms.sequelId to StarWarsFilms.name inList topRated\n}\nnotInList is available to check for expressions that are not equal to any elements in the provided collection.\nIn addition to the IN operator, the ANY and ALL operators are available with any preceding comparison operator:\nStarWarsFilms.selectAll().where { StarWarsFilms.sequelId eq anyFrom(arrayOf(6, 4)) }\nanyFrom() and allFrom() also accept subqueries, tables, and array expressions as arguments.\n","pageTitle":"Check for a match in a collection","metaDescription":"","type":"Documentation","breadcrumbs":"","root":0,"depth":0}