{"objectID":"docs_0.51.1_deep_dive_into_dsl.html#join","parent":"docs_0.51.1_deep_dive_into_dsl.html#overview","pageViews":0,"url":"writerside-documentation/docs/deep-dive-into-dsl.html#join","mainTitle":"Deep Dive into DSL","product":"docs","headings":"Deep Dive into DSL,Join","content":"For the join examples below, consider the following tables:\nobject StarWarsFilms : IntIdTable() {\n    val sequelId: Column\u0026lt;Int\u0026gt; \u003d integer(\"sequel_id\").uniqueIndex()\n    val name: Column\u0026lt;String\u0026gt; \u003d varchar(\"name\", 50)\n    val director: Column\u0026lt;String\u0026gt; \u003d varchar(\"director\", 50)\n}\nobject Actors : IntIdTable() {\n    val sequelId: Column\u0026lt;Int\u0026gt; \u003d integer(\"sequel_id\").uniqueIndex()\n    val name: Column\u0026lt;String\u0026gt; \u003d varchar(\"name\", 50)\n}\nobject Roles : Table() {\n    val sequelId: Column\u0026lt;Int\u0026gt; \u003d integer(\"sequel_id\")\n    val actorId: Column\u0026lt;EntityID\u0026lt;Int\u0026gt;\u0026gt; \u003d reference(\"actor_id\", Actors)\n    val characterName: Column\u0026lt;String\u0026gt; \u003d varchar(\"name\", 50)\n}\nJoin to count how many actors star in each movie:\nActors.join(StarWarsFilms, JoinType.INNER, onColumn \u003d Actors.sequelId, otherColumn \u003d StarWarsFilms.sequelId)\n    .select(Actors.name.count(), StarWarsFilms.name)\n    .groupBy(StarWarsFilms.name)\nInstead of specifying onColumn and otherColumn, additionalConstraint can be used (and allows specifying other types of join conditions).\nActors.join(StarWarsFilms, JoinType.INNER, additionalConstraint \u003d { StarWarsFilms.sequelId eq Actors.sequelId })\n    .select(Actors.name.count(), StarWarsFilms.name)\n    .groupBy(StarWarsFilms.name)\nWhen joining on a foreign key, the more concise innerJoin can be used:\n(Actors innerJoin Roles)\n    .select(Roles.characterName.count(), Actors.name)\n    .groupBy(Actors.name)\n    .toList()\nThis is equivalent to the following:\nActors.join(Roles, JoinType.INNER, onColumn \u003d Actors.id, otherColumn \u003d Roles.actorId)\n    .select(Roles.characterName.count(), Actors.name)\n    .groupBy(Actors.name)\n    .toList()\n","pageTitle":"Join","metaDescription":"","type":"Documentation","breadcrumbs":"","root":0,"depth":0}