{"objectID":"docs_0.51.1_sql_functions.html#how_to_use_functions","parent":"docs_0.51.1_sql_functions.html#how_to_use_functions","pageViews":0,"url":"writerside-documentation/docs/sql-functions.html#how-to-use-functions","mainTitle":"SQL Functions","product":"docs","headings":"SQL Functions,How to use functions","content":"If you want to retrieve a function result from a query, you have to declare the function as a variable:\nval lowerCasedName \u003d FooTable.name.lowerCase()\nval lowerCasedNames \u003d FooTable.select(lowerCasedName).map { it[lowerCasedName] }\n\nAlso, functions could be chained and combined:\nval trimmedAndLoweredFullName \u003d Concat(FooTable.firstName, stringLiteral(\" \"), FooTable.lastName).trim().lowerCase()\nval fullNames \u003d FooTable.select(trimmedAndLoweredFullName).map { it[trimmedAndLoweredFullName] }\n\n","pageTitle":"How to use functions","metaDescription":"","type":"Documentation","breadcrumbs":"Exposed Modules","root":0,"depth":1}