{"objectID":"docs_0.51.1_transactions.html#accessing_returned_values","parent":"docs_0.51.1_transactions.html#overview","pageViews":0,"url":"writerside-documentation/docs/transactions.html#accessing-returned-values","mainTitle":"Transactions","product":"docs","headings":"Transactions,Accessing returned values","content":"Although you can modify variables from your code within the transaction block, transaction supports returning a value directly, enabling immutability:\nval jamesList \u003d transaction {\n    Users.selectAll().where { Users.firstName eq \"James\" }.toList()\n}\n// jamesList is now a List\u0026lt;ResultRow\u0026gt; containing Users data\n`Blob` and `text` fields won\u0027t be available outside a transaction if you don\u0027t load them directly. For `text` fields you can also use the `eagerLoading` param when defining the Table to make the text fields available outside the transaction. // without eagerLoading\nval idsAndContent \u003d transaction {\n   Documents.selectAll().limit(10).map { it[Documents.id] to it[Documents.content] }\n}\n\n// with eagerLoading for text fields\nobject Documents : Table() {\n  ...\n  val content \u003d text(\"content\", eagerLoading \u003d true)\n}\n\nval documentsWithContent \u003d transaction {\n   Documents.selectAll().limit(10)\n}\n","pageTitle":"Accessing returned values","metaDescription":"","type":"Documentation","breadcrumbs":"","root":0,"depth":0}