{"objectID":"docs_0.51.1_getting_started_with_exposed.html#Getting_Started_with_Exposed.md","parent":"docs_0.51.1_getting_started_with_exposed.html#adding_dependencies","pageViews":0,"url":"writerside-documentation/docs/getting-started-with-exposed.html#Getting-Started-with-Exposed.md","mainTitle":"Getting Started with Exposed","product":"docs","headings":"Getting Started with Exposed","content":"","pageTitle":"Getting Started with Exposed","metaDescription":"","type":"Documentation","breadcrumbs":"","root":0,"depth":0}