{"objectID":"docs_0.51.1_deep_dive_into_dao.html#auto_fill_created_and_updated_columns_on_entity_change","parent":"docs_0.51.1_deep_dive_into_dao.html#overview","pageViews":0,"url":"writerside-documentation/docs/deep-dive-into-dao.html#auto-fill-created-and-updated-columns-on-entity-change","mainTitle":"Deep Dive into DAO","product":"docs","headings":"Deep Dive into DAO,Auto-fill created and updated columns on entity change","content":"See example by @PaulMuriithi here.\n","pageTitle":"Auto-fill created and updated columns on entity change","metaDescription":"","type":"Documentation","breadcrumbs":"","root":0,"depth":0}