{"objectID":"docs_0.51.1_transactions.html#statement_interceptors","parent":"docs_0.51.1_transactions.html#overview","pageViews":0,"url":"writerside-documentation/docs/transactions.html#statement-interceptors","mainTitle":"Transactions","product":"docs","headings":"Transactions,Statement Interceptors","content":"DSL operations within a transaction create SQL statements, on which commands like Execute, Commit, and Rollback are issued. Exposed provides the StatementInterceptor interface that allows you to implement your own logic before and after these specific steps in a statement\u0027s lifecycle.\nregisterInterceptor() and unregisterInterceptor() can be used to enable and disable a custom interceptor in a single transaction.\nTo use a custom interceptor that acts on all transactions, extend the GlobalStatementInterceptor class instead. Exposed uses the Java SPI ServiceLoader to discover and load any implementations of this class. In this situation, a new file should be created in the resources folder named: META-INF/services/org.jetbrains.exposed.sql.statements.GlobalStatementInterceptor. The contents of this file should be the fully qualified class names of all custom implementations.\n","pageTitle":"Statement Interceptors","metaDescription":"","type":"Documentation","breadcrumbs":"","root":0,"depth":0}