{"objectID":"docs_0.51.1_breaking_changes.html#0_51_0","parent":"docs_0.51.1_breaking_changes.html#0_51_0","pageViews":0,"url":"writerside-documentation/docs/breaking-changes.html#0-51-0","mainTitle":"Breaking Changes","product":"docs","headings":"Breaking Changes,0.51.0","content":"- The exposed-spring-boot-starter module no longer provides the entire spring-boot-starter-data-jdbc module. It now provides just the spring-boot-starter-jdbc. If there was a reliance on this transitive dependency, please directly include a dependency on Spring Data JDBC in your build files. - ulong column type is now NUMERIC(20) instead of BIGINT for H2 (excluding H2_PSQL), SQLite, and SQL Server to allow storing the full range of ULong, including ULong.MAX_VALUE. ","pageTitle":"0.51.0","metaDescription":"","type":"Documentation","breadcrumbs":"","root":0,"depth":0}