{"objectID":"docs_0.51.1_deep_dive_into_dsl.html#crud_operations","parent":"docs_0.51.1_deep_dive_into_dsl.html#overview","pageViews":0,"url":"writerside-documentation/docs/deep-dive-into-dsl.html#crud-operations","mainTitle":"Deep Dive into DSL","product":"docs","headings":"Deep Dive into DSL,CRUD operations","content":"CRUD stands for Create Read Update Delete, which are four basic operations for a database to support. This section shows how to perform SQL CRUD operations using Kotlin DSL.\n","pageTitle":"CRUD operations","metaDescription":"","type":"Documentation","breadcrumbs":"","root":0,"depth":0}