{"objectID":"docs_0.51.1_frequently_asked_questions.html#q_where_can_i_find_snapshot_builds_of_exposed","parent":"docs_0.51.1_frequently_asked_questions.html#q_squash_is_same_as_exposed_where_is_the_difference","pageViews":0,"url":"writerside-documentation/docs/frequently-asked-questions.html#q-where-can-i-find-snapshot-builds-of-exposed","mainTitle":"Frequently Asked Questions","product":"docs","headings":"Frequently Asked Questions,Q: Where can I find snapshot builds of Exposed","content":"A: You could use jitpack.io service for that.\nAdd jitpack.io to repositories:\nrepositories {\n    maven { url \u0027https://jitpack.io\u0027 }\n}\nThen add Exposed dependency as stated below:\ndependencies {\n    implementation \u0027com.github.JetBrains:Exposed:-SNAPSHOT\u0027\n}\n","pageTitle":"Q: Where can I find snapshot builds of Exposed","metaDescription":"","type":"Documentation","breadcrumbs":"","root":0,"depth":0}