{"objectID":"docs_0.51.1_frequently_asked_questions.html#q_is_array_column_type_supported","parent":"docs_0.51.1_frequently_asked_questions.html#q_squash_is_same_as_exposed_where_is_the_difference","pageViews":0,"url":"writerside-documentation/docs/frequently-asked-questions.html#q-is-array-column-type-supported","mainTitle":"Frequently Asked Questions","product":"docs","headings":"Frequently Asked Questions,Q: Is  column type supported?","content":"A: Not at the moment. More info here: https://github.com/JetBrains/Exposed/issues/150The complete list of supported data types can be found here: Data Types.\n","pageTitle":"Q: Is  column type supported?","metaDescription":"","type":"Documentation","breadcrumbs":"","root":0,"depth":0}