{"objectID":"docs_0.51.1_data_types.html#json_arrays","parent":"docs_0.51.1_data_types.html#how_to_use_database_enum_types","pageViews":0,"url":"writerside-documentation/docs/data-types.html#json-arrays","mainTitle":"Data Types","product":"docs","headings":"Data Types,Json Arrays","content":"JSON columns also accept JSON arrays as input values. For example, using the serializable data class Project from the example above, the following details some ways to create such a column:\nobject TeamProjects : Table(\"team_projects\") {\n    val memberIds \u003d json\u0026lt;IntArray\u0026gt;(\"member_ids\", Json.Default)\n    val projects \u003d json\u0026lt;Array\u0026lt;Project\u0026gt;\u0026gt;(\"projects\", Json.Default)\n    // equivalent to:\n    // @OptIn(ExperimentalSerializationApi::class) json(\"projects\", Json.Default, ArraySerializer(Project.serializer()))\n}\n\ntransaction {\n    TeamProjects.insert {\n        it[memberIds] \u003d intArrayOf(1, 2, 3)\n        it[projects] \u003d arrayOf(\n            Project(\"A\", \"Kotlin\", true),\n            Project(\"B\", \"Java\", true)\n        )\n    }\n    // generates SQL\n    // INSERT INTO team_projects (member_ids, projects) VALUES ([1,2,3], [{\"name\":\"A\",\"language\":\"Kotlin\",\"active\":true},{\"name\":\"B\",\"language\":\"Java\",\"active\":true}])\n}\n","pageTitle":"Json Arrays","metaDescription":"","type":"Documentation","breadcrumbs":"Exposed Modules","root":0,"depth":1}