{"objectID":"docs_0.51.1_deep_dive_into_dsl.html#group_by","parent":"docs_0.51.1_deep_dive_into_dsl.html#overview","pageViews":0,"url":"writerside-documentation/docs/deep-dive-into-dsl.html#group-by","mainTitle":"Deep Dive into DSL","product":"docs","headings":"Deep Dive into DSL,Group-by","content":"In group-by, define fields and their functions (such as count) by the select() method.\nStarWarsFilms\n    .select(StarWarsFilms.sequelId.count(), StarWarsFilms.director)\n    .groupBy(StarWarsFilms.director)\nAvailable functions are:\ncount\nsum\nmax\nmin\naverage\n...\n","pageTitle":"Group-by","metaDescription":"","type":"Documentation","breadcrumbs":"","root":0,"depth":0}