{"objectID":"docs_0.51.1_sql_functions.html#substring","parent":"docs_0.51.1_sql_functions.html#how_to_use_functions","pageViews":0,"url":"writerside-documentation/docs/sql-functions.html#substring","mainTitle":"SQL Functions","product":"docs","headings":"SQL Functions,Substring","content":"Returns a substring value from the specified start and with the specified length.\nval shortenedName \u003d FooTable.name.substring(start \u003d 1, length \u003d 3)\nval shortenedNames \u003d FooTable.select(shortenedName).map { it[shortenedName] }\n\n","pageTitle":"Substring","metaDescription":"","type":"Documentation","breadcrumbs":"Exposed Modules","root":0,"depth":1}