{"objectID":"docs_0.51.1_deep_dive_into_dsl.html#limit","parent":"docs_0.51.1_deep_dive_into_dsl.html#overview","pageViews":0,"url":"writerside-documentation/docs/deep-dive-into-dsl.html#limit","mainTitle":"Deep Dive into DSL","product":"docs","headings":"Deep Dive into DSL,Limit","content":"You can use limit function to prevent loading large data sets or use it for pagination with second offset parameter.\n// Take 2 films after the first one.\nStarWarsFilms.selectAll().where { StarWarsFilms.sequelId eq Actors.sequelId }.limit(2, offset \u003d 1)\n","pageTitle":"Limit","metaDescription":"","type":"Documentation","breadcrumbs":"","root":0,"depth":0}