{"objectID":"docs_0.51.1_exposed_modules.html#dependencies","parent":"docs_0.51.1_exposed_modules.html#dependencies","pageViews":0,"url":"writerside-documentation/docs/exposed-modules.html#dependencies","mainTitle":"Exposed Modules","product":"docs","headings":"Exposed Modules,Dependencies","content":"Exposed modules are available from Maven Central repository. To use them you have to add appropriate dependency into your repositories mapping.\n\u003cb\u003eKotlin Gradle\u003c/b\u003e repositories {\n    mavenCentral()\n}\n\u003cb\u003eMaven\u003c/b\u003e The Maven Central repository is enabled by default for Maven users.\n\u003cb\u003eGroovy Gradle\u003c/b\u003e repositories {\n    mavenCentral()\n}\n","pageTitle":"Dependencies","metaDescription":"","type":"Documentation","breadcrumbs":"","root":0,"depth":0}