{"objectID":"docs_0.51.1_database_and_datasource.html#Database_and_DataSource.md","parent":"docs_0.51.1_database_and_datasource.html#datasource","pageViews":0,"url":"writerside-documentation/docs/database-and-datasource.html#Database-and-DataSource.md","mainTitle":"Working with Database and DataSource","product":"docs","headings":"Working with Database and DataSource","content":"Every database access using Exposed is started by obtaining a connection and creating a transaction.First of all, you have to tell Exposed how to connect to a database by using the Database.connect function. It won\u0027t create a real database connection but will only provide a descriptor for future usage.\nA real connection will be instantiated later by calling the transaction lambda (see Transactions for more details).\nUse the following to get a Database instance by simply providing connection parameters:\nval db \u003d Database.connect(\"jdbc:h2:mem:test\", driver \u003d \"org.h2.Driver\")\nIt is also possible to provide javax.sql.DataSource for advanced behaviors such as connection pooling (see the HikariCP section):\nval db \u003d Database.connect(dataSource)\nExecuting this code more than once per database will create leaks in your application, hence it is recommended to store it for later use: object DbSettings {\n   val db by lazy { \n       Database.connect(/* setup connection */)\n   }\n}\n","pageTitle":"Working with Database and DataSource","metaDescription":"","type":"Documentation","breadcrumbs":"","root":0,"depth":0}