{"objectID":"docs_0.51.1_getting_started_with_exposed.html#dsl_dao","parent":"docs_0.51.1_getting_started_with_exposed.html#adding_dependencies","pageViews":0,"url":"writerside-documentation/docs/getting-started-with-exposed.html#dsl-dao","mainTitle":"Getting Started with Exposed","product":"docs","headings":"Getting Started with Exposed,DSL \u0026 DAO","content":"Exposed comes in two flavors: DSL (Domain-Specific Language) and DAO (Data Access Object).On a high level, DSL means type-safe syntax that is similar to SQL, whereas DAO means doing CRUD operations on entities.Observe the below examples and head on to the specific section of each API for more details.\n","pageTitle":"DSL \u0026 DAO","metaDescription":"","type":"Documentation","breadcrumbs":"","root":0,"depth":0}