{"objectID":"docs_0.51.1_sql_functions.html#concat","parent":"docs_0.51.1_sql_functions.html#how_to_use_functions","pageViews":0,"url":"writerside-documentation/docs/sql-functions.html#concat","mainTitle":"SQL Functions","product":"docs","headings":"SQL Functions,Concat","content":"Returns a string value that concatenates the text representations of all non-null input values, separated by an optional separator.\nval userName \u003d concat(stringLiteral(\"User - \"), FooTable.name)\nval userNames \u003d FooTable.select(userName).map { it[userName] }\n\n","pageTitle":"Concat","metaDescription":"","type":"Documentation","breadcrumbs":"Exposed Modules","root":0,"depth":1}