{"objectID":"docs_0.51.1_deep_dive_into_dao.html#fields_transformation","parent":"docs_0.51.1_deep_dive_into_dao.html#overview","pageViews":0,"url":"writerside-documentation/docs/deep-dive-into-dao.html#fields-transformation","mainTitle":"Deep Dive into DAO","product":"docs","headings":"Deep Dive into DAO,Fields transformation","content":"As databases could store only basic types like integers and strings it\u0027s not always conveniently to keep the same simplicity on DAO level. Sometimes you may want to make some transformations like parsing json from a varchar column or get some value from a cache based on value from a database. In that case the preferred way is to use column transformations. Assume that we want to define unsigned integer field on Entity, but Exposed doesn\u0027t have such column type yet.\nobject TableWithUnsignedInteger : IntIdTable() {\n    val uint \u003d integer(\"uint\")\n}\nclass EntityWithUInt : IntEntity() {\n    var uint: UInt by TableWithUnsignedInteger.uint.transform({ it.toInt() }, { it.toUInt() })\n    \n    companion object : IntEntityClass\u0026lt;EntityWithUInt\u0026gt;()\n}\ntransform function accept two lambdas to convert values to and from an original column type. After that in your code you\u0027ll be able to put only UInt instances into uint field. It still possible to insert/update values with negative integers via DAO, but your business code becomes much cleaner. Please keep in mind what such transformations will aqure on every access to a field what means that you should avoid heavy transformations here.\n","pageTitle":"Fields transformation","metaDescription":"","type":"Documentation","breadcrumbs":"","root":0,"depth":0}