{"objectID":"docs_0.51.1_transactions.html#advanced_parameters_and_usage","parent":"docs_0.51.1_transactions.html#overview","pageViews":0,"url":"writerside-documentation/docs/transactions.html#advanced-parameters-and-usage","mainTitle":"Transactions","product":"docs","headings":"Transactions,Advanced parameters and usage","content":"For specific functionality, transactions can be created with the additional parameters: transactionIsolation, readOnly, and db:\ntransaction (Connection.TRANSACTION_SERIALIZABLE, true, db \u003d db) {\n    // DSL/DAO operations go here\n}\nTransaction Isolation: This parameter, defined in the SQL standard, specifies what is supposed to happen when multiple transactions execute concurrently on the database. This value does NOT affect Exposed operation directly, but is sent to the database, where it is expected to be obeyed. Allowable values are defined in java.sql.Connection and are as follows:\n- TRANSACTION_NONE: Transactions are not supported. - TRANSACTION_READ_UNCOMMITTED: The most lenient setting. Allows uncommitted changes from one transaction to affect a read in another transaction (a \u0026quot;dirty read\u0026quot;). - TRANSACTION_READ_COMMITTED: This setting prevents dirty reads from occurring, but still allows non-repeatable reads to occur. A non-repeatable read is when a transaction (\u0026quot;Transaction A\u0026quot;) reads a row from the database, another transaction (\u0026quot;Transaction B\u0026quot;) changes the row, and Transaction A reads the row again, resulting in an inconsistency. - TRANSACTION_REPEATABLE_READ: The default setting for Exposed transactions. Prevents both dirty and non-repeatable reads, but still allows for phantom reads. A phantom read is when a transaction (\u0026quot;Transaction A\u0026quot;) selects a list of rows through a WHERE clause, another transaction (\u0026quot;Transaction B\u0026quot;) performs an INSERT or DELETE with a row that satisfies Transaction A\u0027s WHERE clause, and Transaction A selects using the same WHERE clause again, resulting in an inconsistency. - TRANSACTION_SERIALIZABLE: The strictest setting. Prevents dirty reads, non-repeatable reads, and phantom reads. readOnly: This parameter indicates whether any database connection used by the transaction is in read-only mode, and is set to false by default. Much like with transactionIsolation, this value is not directly used by Exposed, but is simply relayed to the database.\ndb: This parameter is optional and is used to select the database where the transaction should be settled (see the section above).\nTransaction Repetition Attempts\nTransactions also provide a property, repetitionAttempts, which sets the number of retries that should be made if an SQLException occurs inside the transaction block. If this property is not set, any default value provided in DatabaseConfig will be used instead:\nval db \u003d Database.connect(\n    datasource \u003d datasource,\n    databaseConfig \u003d DatabaseConfig {\n        defaultRepetitionAttempts \u003d 3\n    }\n)\n\n// property set in transaction block overrides default DatabaseConfig\ntransaction(db \u003d db) {\n    repetitionAttempts \u003d 25\n    // operation that may need multiple attempts\n}\nIf this property is set to a value greater than 0, minRepetitionDelay and maxRepetitionDelay can also be set in the transaction block to indicate the minimum and maximum number of milliseconds to wait before retrying.\nTransaction Query Timeout\nAnother advanced property available in a transaction block is queryTimeout. This sets the number of seconds to wait for each statement in the block to execute before timing out:\ntransaction {\n    queryTimeout \u003d 3\n    try {\n        // operation that may run for more than 3 seconds\n    } catch (cause: ExposedSQLException) {\n        // logic to perform if execution timed out\n    }\n}\nNote As is the case for transactionIsolation and readOnly properties, this value is not directly managed by Exposed, but is simply relayed to the JDBC driver. Some drivers may not support implementing this limit.\n","pageTitle":"Advanced parameters and usage","metaDescription":"","type":"Documentation","breadcrumbs":"","root":0,"depth":0}