{"objectID":"docs_0.51.1_frequently_asked_questions.html#q_how_can_i_use_savepoint","parent":"docs_0.51.1_frequently_asked_questions.html#q_squash_is_same_as_exposed_where_is_the_difference","pageViews":0,"url":"writerside-documentation/docs/frequently-asked-questions.html#q-how-can-i-use-savepoint","mainTitle":"Frequently Asked Questions","product":"docs","headings":"Frequently Asked Questions,Q: How can I use SAVEPOINT?","content":"A: It possible only through using a raw connection. See example here.\n","pageTitle":"Q: How can I use SAVEPOINT?","metaDescription":"","type":"Documentation","breadcrumbs":"","root":0,"depth":0}