{"objectID":"docs_0.51.1_frequently_asked_questions.html#q_can_i_use_multiple_database_connections","parent":"docs_0.51.1_frequently_asked_questions.html#q_squash_is_same_as_exposed_where_is_the_difference","pageViews":0,"url":"writerside-documentation/docs/frequently-asked-questions.html#q-can-i-use-multiple-database-connections","mainTitle":"Frequently Asked Questions","product":"docs","headings":"Frequently Asked Questions,Q: Can I use multiple Database Connections?","content":"A: Yes. See Transactions\n","pageTitle":"Q: Can I use multiple Database Connections?","metaDescription":"","type":"Documentation","breadcrumbs":"","root":0,"depth":0}