{"objectID":"docs_0.51.1_contributing.html#commit_messages","parent":"docs_0.51.1_contributing.html#setup","pageViews":0,"url":"writerside-documentation/docs/contributing.html#commit-messages","mainTitle":"Contributing to Exposed","product":"docs","headings":"Contributing to Exposed,Commit messages","content":"- Commit messages should be written in English. - Their title should be prefixed according to Conventional Commits. - They should be written in present tense using imperative mood (\u0026quot;Fix\u0026quot; instead of \u0026quot;Fixes\u0026quot;, \u0026quot;Improve\u0026quot; instead of \u0026quot;Improved\u0026quot;). See How to Write a Git Commit Message. - When applicable, prefix the commit message with EXPOSED- where represents the YouTrack issue number. - Add the related bug reference to a commit message (bug number after a hash character between round braces). ","pageTitle":"Commit messages","metaDescription":"","type":"Documentation","breadcrumbs":"","root":0,"depth":0}