{"objectID":"docs_0.51.1_deep_dive_into_dsl.html#delete","parent":"docs_0.51.1_deep_dive_into_dsl.html#overview","pageViews":0,"url":"writerside-documentation/docs/deep-dive-into-dsl.html#delete","mainTitle":"Deep Dive into DSL","product":"docs","headings":"Deep Dive into DSL,Delete","content":"StarWarsFilms.deleteWhere { StarWarsFilms.sequelId eq 8 }\nDelete functions also return a count of the number of deleted rows, as for Update above.\n","pageTitle":"Delete","metaDescription":"","type":"Documentation","breadcrumbs":"","root":0,"depth":0}