{"objectID":"docs_0.51.1_frequently_asked_questions.html#q_squash_is_same_as_exposed_where_is_the_difference","parent":"docs_0.51.1_frequently_asked_questions.html#q_squash_is_same_as_exposed_where_is_the_difference","pageViews":0,"url":"writerside-documentation/docs/frequently-asked-questions.html#q-squash-is-same-as-exposed-where-is-the-difference","mainTitle":"Frequently Asked Questions","product":"docs","headings":"Frequently Asked Questions,Q:  is same as Exposed. Where is the difference?","content":"A: Ilya Ryzhenkov (Squash maintainer) answers:\nSquash is an attempt to refactor Exposed (long time ago) to fix DSL issues, extensibility on dialect side, support graph fetching and avoid TLS-stored transactions. Unfortunately, I didn’t have enough time to finish the work, but I still hope to return to it some day. We are talking with Exposed maintainer @tapac about coordinating efforts and eventually joining forces. Note, that none of these libs are “official” JetBrains Kotlin SQL libs, they are both side projects of their respective authors.\n","pageTitle":"Q:  is same as Exposed. Where is the difference?","metaDescription":"","type":"Documentation","breadcrumbs":"","root":0,"depth":0}