{"objectID":"docs_0.51.1_home.html#Home.topic","parent":"docs_0.51.1_home.html#Home.topic","pageViews":0,"url":"writerside-documentation/docs/home.html#Home.topic","mainTitle":"Exposed Documentation","product":"docs","headings":"Exposed Documentation,Releases and Contribution","content":"Exposed is a Kotlin SQL database library with two flavors: a lightweight ORM (using DAO) and type-safe SQL (using DSL). Getting Started with Exposed FAQ Adding Dependencies Tables and Columns ABC Querying Database Introduction to ORM Entities Contributing to Exposed Migration Guide ","pageTitle":"Releases and Contribution","metaDescription":"","type":"Documentation","breadcrumbs":"","root":0,"depth":0}