{"objectID":"docs_0.51.1_sql_functions.html#custom_functions","parent":"docs_0.51.1_sql_functions.html#how_to_use_functions","pageViews":0,"url":"writerside-documentation/docs/sql-functions.html#custom-functions","mainTitle":"SQL Functions","product":"docs","headings":"SQL Functions,Custom functions","content":"If you can\u0027t find your most loved function used in your database (as Exposed provides only basic support for classic SQL functions), you can define your own functions.\nSince Exposed 0.15.1 there multiple options to define custom functions:\n2. Function without parameters: val sqrt \u003d FooTable.id.function(\"SQRT\")\nIn SQL representation it will be SQRT(FooTable.id)\n2. Function with additional parameters: val replacedName \u003d CustomFunction\u0026lt;String?\u0026gt;(\"REPLACE\", VarCharColumnType(), FooTable.name, stringParam(\"foo\"), stringParam(\"bar\"))\n\nCustomFunction class accepts a function name as a first parameter and the resulting column type as second. After that, you can provide any amount of parameters separated by a comma.\nThere are also shortcuts for string, long, and datetime functions:\n- CustomStringFunction - CustomLongFunction - CustomDateTimeFunction The code above could be simplified to:\nval replacedName \u003d CustomStringFunction(\"REPLACE\", FooTable.name, stringParam(\"foo\"), stringParam(\"bar\"))\n\nFor example, the following could be used in SQLite to mimic its date() function:\nval lastDayOfMonth \u003d CustomDateFunction(\n    \"date\",\n    FooTable.dateColumn,\n    stringLiteral(\"start of month\"),\n    stringLiteral(\"+1 month\"),\n    stringLiteral(\"-1 day\")\n)\n2. Function that requires more complex query building: All functions in Exposed extend the abstract class Function, which takes a column type and allows overriding toQueryBuilder(). This is what CustomFunction actually does, which can be leveraged to create more complex queries.\nFor example, Exposed provides a trim() function that removes leading and trailing whitespace from a String. In MySQL, this is just the default behavior as specifiers can be provided to limit the trim to either leading or trailing, as well as providing a specific substring other than spaces to remove. The custom function below supports this extended behavior:\nenum class TrimSpecifier { BOTH, LEADING, TRAILING }\n\nclass CustomTrim\u0026lt;T : String?\u0026gt;(\n    val expression: Expression\u0026lt;T\u0026gt;,\n    val toRemove: Expression\u0026lt;T\u0026gt;?,\n    val trimSpecifier: TrimSpecifier\n) : Function\u0026lt;T\u0026gt;(TextColumnType()) {\n    override fun toQueryBuilder(queryBuilder: QueryBuilder) {\n        queryBuilder {\n            append(\"TRIM(\")\n            append(trimSpecifier.name)\n            toRemove?.let { +\" $it\" }\n            append(\" FROM \")\n            append(expression)\n            append(\")\")\n        }\n    }\n}\n\nfun \u0026lt;T : String?\u0026gt; Expression\u0026lt;T\u0026gt;.customTrim(\n    toRemove: Expression\u0026lt;T\u0026gt;? \u003d null,\n    specifier: TrimSpecifier \u003d TrimSpecifier.BOTH\n): CustomTrim\u0026lt;T\u0026gt; \u003d CustomTrim(this, toRemove, specifier)\n\ntransaction {\n    FooTable.insert { it[name] \u003d \"xxxbarxxx\" }\n\n    val leadingXTrim \u003d FooTable.name.customTrim(stringLiteral(\"x\"), TrimSpecifier.LEADING)\n    val trailingXTrim \u003d FooTable.name.customTrim(stringLiteral(\"x\"), TrimSpecifier.TRAILING)\n\n    FooTable.select(leadingXTrim) // barxxx\n    FooTable.select(trailingXTrim)  // xxxbar\n}\n\n","pageTitle":"Custom functions","metaDescription":"","type":"Documentation","breadcrumbs":"Exposed Modules","root":0,"depth":1}