{"objectID":"docs_0.51.1_contributing.html#documentation","parent":"docs_0.51.1_contributing.html#setup","pageViews":0,"url":"writerside-documentation/docs/contributing.html#documentation","mainTitle":"Contributing to Exposed","product":"docs","headings":"Contributing to Exposed,Documentation","content":"There are multiple ways in which you can contribute to Exposed docs:\n- Create an issue in YouTrack. - Submit a pull request containing your proposed changes. Ensure that these modifications are applied directly within the documentation-website directory. ","pageTitle":"Documentation","metaDescription":"","type":"Documentation","breadcrumbs":"","root":0,"depth":0}