{"objectID":"docs_0.51.1_getting_started_with_exposed.html#adding_dependencies","parent":"docs_0.51.1_getting_started_with_exposed.html#adding_dependencies","pageViews":0,"url":"writerside-documentation/docs/getting-started-with-exposed.html#adding-dependencies","mainTitle":"Getting Started with Exposed","product":"docs","headings":"Getting Started with Exposed,Adding Dependencies","content":"Before starting using Exposed, you need to add the dependencies to your project.\n\u003cb\u003eGradle\u003c/b\u003e val exposed_version \u003d \"0.51.1\"\ndependencies {\n    implementation(\"org.jetbrains.exposed\", \"exposed-core\", exposed_version)\n    implementation(\"org.jetbrains.exposed\", \"exposed-dao\", exposed_version)\n    implementation(\"org.jetbrains.exposed\", \"exposed-jdbc\", exposed_version)\n}\n\u003cb\u003eMaven\u003c/b\u003e \n\u0026lt;dependencies\u0026gt;\n    \u0026lt;dependency\u0026gt;\n      \u0026lt;groupId\u0026gt;org.jetbrains.exposed\u0026lt;/groupId\u0026gt;\n      \u0026lt;artifactId\u0026gt;exposed-core\u0026lt;/artifactId\u0026gt;\n      \u0026lt;version\u0026gt;0.51.1\u0026lt;/version\u0026gt;\n    \u0026lt;/dependency\u0026gt;\n    \u0026lt;dependency\u0026gt;\n      \u0026lt;groupId\u0026gt;org.jetbrains.exposed\u0026lt;/groupId\u0026gt;\n      \u0026lt;artifactId\u0026gt;exposed-dao\u0026lt;/artifactId\u0026gt;\n      \u0026lt;version\u0026gt;0.51.1\u0026lt;/version\u0026gt;\n    \u0026lt;/dependency\u0026gt;\n    \u0026lt;dependency\u0026gt;\n      \u0026lt;groupId\u0026gt;org.jetbrains.exposed\u0026lt;/groupId\u0026gt;\n      \u0026lt;artifactId\u0026gt;exposed-jdbc\u0026lt;/artifactId\u0026gt;\n      \u0026lt;version\u0026gt;0.51.1\u0026lt;/version\u0026gt;\n    \u0026lt;/dependency\u0026gt;\n\u0026lt;/dependencies\u0026gt;\nOther modules are available. Detailed information about them is located in the [Modules](Exposed-Modules.md) section. ","pageTitle":"Adding Dependencies","metaDescription":"","type":"Documentation","breadcrumbs":"","root":0,"depth":0}