{"objectID":"docs_0.51.1_deep_dive_into_dsl.html#insert_or_update","parent":"docs_0.51.1_deep_dive_into_dsl.html#overview","pageViews":0,"url":"writerside-documentation/docs/deep-dive-into-dsl.html#insert-or-update","mainTitle":"Deep Dive into DSL","product":"docs","headings":"Deep Dive into DSL,Insert Or Update","content":"Insert or update (Upsert) is a database operation that either inserts a new row or updates an existing row if a duplicate constraint already exists. The supported functionality of upsert() is dependent on the specific database being used. For example, MySQL\u0027s INSERT ... ON DUPLICATE KEY UPDATE statement automatically assesses the primary key and unique indices for a duplicate value, so using the function in Exposed would look like this:\n// inserts a new row\nStarWarsFilms.upsert {\n    it[sequelId] \u003d 9 // column pre-defined with a unique index\n    it[name] \u003d \"The Rise of Skywalker\"\n    it[director] \u003d \"Rian Johnson\"\n}\n// updates existing row with the correct [director]\nStarWarsFilms.upsert {\n    it[sequelId] \u003d 9\n    it[name] \u003d \"The Rise of Skywalker\"\n    it[director] \u003d \"JJ Abrams\"\n}\nIf none of the optional arguments are provided to upsert(), the statements in the body block will be used for both the insert and update parts of the operation. This means that, for example, if a table mapping has columns with default values and these columns are omitted from the body block, the default values will be used for insertion as well as for the update operation. If the update operation should differ from the insert operation, then onUpdate should be provided an argument with the specific columns to update, as seen in the example below.\nUsing another example, PostgreSQL allows more control over which key constraint columns to check for conflict, whether different values should be used for an update, and whether the update statement should have a WHERE clause:\nval incrementSequelId \u003d listOf(StarWarsFilms.sequelId to StarWarsFilms.sequelId.plus(1))\nStarWarsFilms.upsert(\n    StarWarsFilms.sequelId,\n    onUpdate \u003d incrementSequelId,\n    where \u003d { StarWarsFilms.director like stringLiteral(\"JJ%\") }\n) {\n    it[sequelId] \u003d 9\n    it[name] \u003d \"The Rise of Skywalker\"\n    it[director] \u003d \"JJ Abrams\"\n}\nIf the update operation should be identical to the insert operation except for a few columns, then onUpdateExclude should be provided an argument with the specific columns to exclude. This parameter could also be used for the reverse case when only a small subset of columns should be updated but duplicating the insert values is tedious:\n// on conflict, all columns EXCEPT [director] are updated with values from the lambda block\nStarWarsFilms.upsert(onUpdateExclude \u003d listOf(StarWarsFilms.director)) {\n    it[sequelId] \u003d 9\n    it[name] \u003d \"The Rise of Skywalker\"\n    it[director] \u003d \"JJ Abrams\"\n}\n\n// on conflict, ONLY column [director] is updated with value from the lambda block\nStarWarsFilms.upsert(\n    onUpdateExclude \u003d StarWarsFilms.columns - setOf(StarWarsFilms.director)\n) {\n    it[sequelId] \u003d 9\n    it[name] \u003d \"The Rise of Skywalker\"\n    it[director] \u003d \"JJ Abrams\"\n}\nIf a specific database supports user-defined key columns and none are provided, the table\u0027s primary key is used. If there is no defined primary key, the first unique index is used. If there are no unique indices, each database handles this case differently, so it is strongly advised that keys are defined to avoid unexpected results.\nDatabases that do not support a specific Insert or Update command implement the standard MERGE INTO ... USING statement with aliases and a derived table column list. These include Oracle, SQL Server, and H2 compatibility modes (except for MySQL mode). Any columns defined as key constraints (to be used in the ON clause) must be included in the statement block to avoid throwing an error. ","pageTitle":"Insert Or Update","metaDescription":"","type":"Documentation","breadcrumbs":"","root":0,"depth":0}