{"objectID":"docs_0.51.1_data_types.html#json_functions","parent":"docs_0.51.1_data_types.html#how_to_use_database_enum_types","pageViews":0,"url":"writerside-documentation/docs/data-types.html#json-functions","mainTitle":"Data Types","product":"docs","headings":"Data Types,Json Functions","content":"JSON path strings can be used to extract values (either as JSON or as a scalar value) at a specific field/key:\nval projectName \u003d Teams.project.extract\u0026lt;String\u0026gt;(\"name\")\nval languageIsKotlin \u003d Teams.project.extract\u0026lt;String\u0026gt;(\"language\").lowerCase() eq \"kotlin\"\nTeams.select(projectName).where { languageIsKotlin }.map { it[projectName] }\nDatabases that support a path context root $ will have this value appended to the generated SQL path expression by default, so it is not necessary to include it in the provided argument String. In the above example, if MySQL is being used, the provided path arguments should be .name and .language respectively. The JSON functions exists() and contains() are currently supported as well:\nval hasActiveStatus \u003d Teams.project.exists(\".active\")\nval activeProjects \u003d Teams.selectAll().where { hasActiveStatus }.count()\n\n// Depending on the database, filter paths can be provided instead, as well as optional arguments\n// PostgreSQL example\nval mainId \u003d \"Main\"\nval hasMainProject \u003d Teams.project.exists(\".name ? (@ \u003d\u003d \\$main)\", optional \u003d \"{\\\"main\\\":\\\"$mainId\\\"}\")\nval mainProjects \u003d Teams.selectAll().where { hasMainProject }.map { it[Teams.groupId] }\n\nval usesKotlin \u003d Teams.project.contains(\"{\\\"language\\\":\\\"Kotlin\\\"}\")\nval kotlinTeams \u003d Teams.selectAll().where { usesKotlin }.count()\n\n// Depending on the database, an optional path can be provided too\n// MySQL example\nval usesKotlin \u003d Teams.project.contains(\"\\\"Kotlin\\\"\", \".language\")\nval kotlinTeams \u003d Teams.selectAll().where { usesKotlin }.count()\n","pageTitle":"Json Functions","metaDescription":"","type":"Documentation","breadcrumbs":"Exposed Modules","root":0,"depth":1}