{"objectID":"docs_0.51.1_transactions.html#overview","parent":"docs_0.51.1_transactions.html#overview","pageViews":0,"url":"writerside-documentation/docs/transactions.html#overview","mainTitle":"Transactions","product":"docs","headings":"Transactions,Overview","content":"CRUD operations in Exposed must be called from within a transaction. Transactions encapsulate a set of DSL operations. To create and execute a transaction with default parameters, simply pass a function block to the transaction function:\ntransaction {\n    // DSL/DAO operations go here\n}\nTransactions are executed synchronously on the current thread, so they will block other parts of your application! If you need to execute a transaction asynchronously, consider running it on a separate Thread.\n","pageTitle":"Overview","metaDescription":"","type":"Documentation","breadcrumbs":"","root":0,"depth":0}