{"objectID":"docs_0.51.1_deep_dive_into_dao.html#read","parent":"docs_0.51.1_deep_dive_into_dao.html#overview","pageViews":0,"url":"writerside-documentation/docs/deep-dive-into-dao.html#read","mainTitle":"Deep Dive into DAO","product":"docs","headings":"Deep Dive into DAO,Read","content":"To get entities use one of the following\nval movies \u003d StarWarsFilm.all()\nval movies \u003d StarWarsFilm.find { StarWarsFilms.sequelId eq 8 }\nval movie \u003d StarWarsFilm.findById(5)\n- For a list of available predicates, see DSL Where expression.Read a value from a property similar to any property in a Kotlin class: val name \u003d movie.name\n","pageTitle":"Read","metaDescription":"","type":"Documentation","breadcrumbs":"","root":0,"depth":0}