{"objectID":"docs_0.51.1_deep_dive_into_dsl.html#overview","parent":"docs_0.51.1_deep_dive_into_dsl.html#overview","pageViews":0,"url":"writerside-documentation/docs/deep-dive-into-dsl.html#overview","mainTitle":"Deep Dive into DSL","product":"docs","headings":"Deep Dive into DSL,Overview","content":"The DSL (Domain-Specific Language) API of Exposed is similar to actual SQL statements, but with the type safety that Kotlin offers.\nA database table is represented by an object inherited from org.jetbrains.exposed.sql.Table like this:\nobject StarWarsFilms : Table() {\n    val id: Column\u0026lt;Int\u0026gt; \u003d integer(\"id\").autoIncrement()\n    val sequelId: Column\u0026lt;Int\u0026gt; \u003d integer(\"sequel_id\").uniqueIndex()\n    val name: Column\u0026lt;String\u0026gt; \u003d varchar(\"name\", 50)\n    val director: Column\u0026lt;String\u0026gt; \u003d varchar(\"director\", 50)\n    override val primaryKey \u003d PrimaryKey(id, name \u003d \"PK_StarWarsFilms_Id\") // PK_StarWarsFilms_Id is optional here\n}\nTables that contains Int id with the name id can be declared like this:\nobject StarWarsFilms : IntIdTable() {\n    val sequelId: Column\u0026lt;Int\u0026gt; \u003d integer(\"sequel_id\").uniqueIndex()\n    val name: Column\u0026lt;String\u0026gt; \u003d varchar(\"name\", 50)\n    val director: Column\u0026lt;String\u0026gt; \u003d varchar(\"director\", 50)\n}\n","pageTitle":"Overview","metaDescription":"","type":"Documentation","breadcrumbs":"","root":0,"depth":0}