{"objectID":"docs_0.51.1_breaking_changes.html#0_42_0","parent":"docs_0.51.1_breaking_changes.html#0_51_0","pageViews":0,"url":"writerside-documentation/docs/breaking-changes.html#0-42-0","mainTitle":"Breaking Changes","product":"docs","headings":"Breaking Changes,0.42.0","content":"- SQLite The table column created using date() now uses TEXT datatype instead of DATE (which the database mapped internally to NUMERIC type). This applies to the specific DateColumnType in all 3 date/time modules and means LocalDate comparisons can now be done directly without conversions. - H2, PostgreSQL Using replace() now throws an exception as the REPLACE command is not supported by these databases. If replace() was being used to perform an insert or update operation, all usages should instead be switched to upsert(). See documentation for UPSERT details - Operator classes exists and notExists have been renamed to Exists and NotExists. The functions exists() and notExists() have been introduced to return an instance of their respectively-named classes and to avoid unresolved reference issues. Any usages of these classes should be renamed to their capitalized forms. - customEnumeration() now registers a CustomEnumerationColumnType to allow referencing by another column. The signature of customEnumeration() has not changed and table columns initialized using it are still of type Column\u0026lt;DataClass\u0026gt;. - Transaction.suspendedTransaction() has been renamed to Transaction.withSuspendTransaction(). Please run Edit -\u0026gt; Find -\u0026gt; Replace in files... twice with suspendedTransaction( and suspendedTransaction as the search options, to ensure that both variants are replaced without affecting suspendedTransactionAsync() (if used in code). - The repetitionAttempts parameter in transaction() has been removed and replaced with a mutable property in the Transaction class. Please remove any arguments for this parameter and assign values to the property directly: // before\ntransaction(Connection.TRANSACTION_READ_COMMITTED, repetitionAttempts \u003d 10) {\n    // statements\n}\n\n// after\ntransaction(Connection.TRANSACTION_READ_COMMITTED) {\n    repetitionAttempts \u003d 10\n    // statements\n}\n- In all databases except MySQL and MariaDB, the ushort() column now maps to data type INT instead of SMALLINT, which allows the full range of UShort values to be inserted without any overflow. Registering the column on a table also creates a check constraint that restricts inserted data to the range between 0 and UShort.MAX_VALUE. If a column that only uses 2 bytes of storage is needed, but without allowing any non-negative values to be inserted, please use a signed short() column instead with a manually created check constraint: short(\"number\").check { it.between(0, Short.MAX_VALUE) }\n// OR\nshort(\"number\").check { (it greaterEq 0) and (it lessEq Short.MAX_VALUE) }\n","pageTitle":"0.42.0","metaDescription":"","type":"Documentation","breadcrumbs":"","root":0,"depth":0}