{"objectID":"docs_0.51.1_deep_dive_into_dsl.html#union","parent":"docs_0.51.1_deep_dive_into_dsl.html#overview","pageViews":0,"url":"writerside-documentation/docs/deep-dive-into-dsl.html#union","mainTitle":"Deep Dive into DSL","product":"docs","headings":"Deep Dive into DSL,Union","content":"You can combine the results of multiple queries using .union(...). Per the SQL specification, the queries must have the same number of columns, and not be marked for update. Subqueries may be combined when supported by the database.\nval lucasDirectedQuery \u003d StarWarsFilms.select(StarWarsFilms.name).where { StarWarsFilms.director eq \"George Lucas\" }\nval abramsDirectedQuery \u003d StarWarsFilms.select(StarWarsFilms.name).where { StarWarsFilms.director eq \"J.J. Abrams\" }\nval filmNames \u003d lucasDirectedQuery.union(abramsDirectedQuery).map { it[StarWarsFilms.name] }\nOnly unique rows are returned by default. Duplicates may be returned using .unionAll().\nval lucasDirectedQuery \u003d StarWarsFilms.select(StarWarsFilms.name).where { StarWarsFilms.director eq \"George Lucas\" }\nval originalTrilogyQuery \u003d StarWarsFilms.select(StarWarsFilms.name).where { StarWarsFilms.sequelId inList (3..5) }\nval filmNames \u003d lucasDirectedQuery.unionAll(originalTrilogyQuery).map { it[StarWarsFilms.name] }\n","pageTitle":"Union","metaDescription":"","type":"Documentation","breadcrumbs":"","root":0,"depth":0}