{"objectID":"docs_0.51.1_deep_dive_into_dsl.html#check_for_a_match_in_a_pattern","parent":"docs_0.51.1_deep_dive_into_dsl.html#overview","pageViews":0,"url":"writerside-documentation/docs/deep-dive-into-dsl.html#check-for-a-match-in-a-pattern","mainTitle":"Deep Dive into DSL","product":"docs","headings":"Deep Dive into DSL,Check for a match in a pattern","content":"StarWarsFilms.selectAll().where { StarWarsFilms.name like \"The %\" }\nnotLike is also available to check for expressions that do not match the provided pattern.\nTo perform a pattern match that supports regular expressions, use regexp instead:\nStarWarsFilms.selectAll().where { StarWarsFilms.name regexp \"^The(\\\\s\\\\w+){2}\\$\" }\n","pageTitle":"Check for a match in a pattern","metaDescription":"","type":"Documentation","breadcrumbs":"","root":0,"depth":0}