{"objectID":"docs_0.51.1_breaking_changes.html#0_47_0","parent":"docs_0.51.1_breaking_changes.html#0_51_0","pageViews":0,"url":"writerside-documentation/docs/breaking-changes.html#0-47-0","mainTitle":"Breaking Changes","product":"docs","headings":"Breaking Changes,0.47.0","content":"The function SchemaUtils.checkExcessiveIndices is used to check both excessive indices and excessive foreign key constraints. It now has a different behavior and deals with excessive indices only. Also, its return type is now List\u0026lt;Index\u0026gt; instead of Unit. A new function, SchemaUtils.checkExcessiveForeignKeyConstraints, deals with excessive foreign key constraints and has a return type List\u0026lt;ForeignKeyConstraint\u0026gt;.\n","pageTitle":"0.47.0","metaDescription":"","type":"Documentation","breadcrumbs":"","root":0,"depth":0}