{"objectID":"docs_0.51.1_deep_dive_into_dsl.html#check_for_a_match_in_a_range","parent":"docs_0.51.1_deep_dive_into_dsl.html#overview","pageViews":0,"url":"writerside-documentation/docs/deep-dive-into-dsl.html#check-for-a-match-in-a-range","mainTitle":"Deep Dive into DSL","product":"docs","headings":"Deep Dive into DSL,Check for a match in a range","content":"StarWarsFilms.selectAll().where { StarWarsFilms.sequelId.between(4, 6) }\nThe between operator returns true if the expression is between the lower and upper range values (inclusive). Date and time values are also supported as arguments.\n","pageTitle":"Check for a match in a range","metaDescription":"","type":"Documentation","breadcrumbs":"","root":0,"depth":0}