{"objectID":"docs_0.51.1_frequently_asked_questions.html#q_is_it_possible_to_create_tables_with_cross_cyclic_reference","parent":"docs_0.51.1_frequently_asked_questions.html#q_squash_is_same_as_exposed_where_is_the_difference","pageViews":0,"url":"writerside-documentation/docs/frequently-asked-questions.html#q-is-it-possible-to-create-tables-with-cross-cyclic-reference","mainTitle":"Frequently Asked Questions","product":"docs","headings":"Frequently Asked Questions,Q: Is it possible to create tables with cross / cyclic reference?","content":"A: Yes, it\u0027s possible since Exposed 0.11.1 version\n","pageTitle":"Q: Is it possible to create tables with cross / cyclic reference?","metaDescription":"","type":"Documentation","breadcrumbs":"","root":0,"depth":0}