{"objectID":"docs_0.51.1_data_types.html#how_to_use_array_types","parent":"docs_0.51.1_data_types.html#how_to_use_database_enum_types","pageViews":0,"url":"writerside-documentation/docs/data-types.html#how-to-use-array-types","mainTitle":"Data Types","product":"docs","headings":"Data Types,How to use Array types","content":"PostgreSQL and H2 databases support the explicit ARRAY data type.\nExposed currently only supports columns defined as one-dimensional arrays, with the stored contents being any out-of-the-box or custom data type. If the contents are of a type with a supported ColumnType in the exposed-core module, the column can be simply defined with that type:\nobject Teams : Table(\"teams\") {\n    val memberIds \u003d array\u0026lt;UUID\u0026gt;(\"member_ids\")\n    val memberNames \u003d array\u0026lt;String\u0026gt;(\"member_names\")\n    val budgets \u003d array\u0026lt;Double\u0026gt;(\"budgets\")\n}\nIf more control is needed over the base content type, or if the latter is user-defined or from a non-core module, the explicit type should be provided to the function:\nobject Teams : Table(\"teams\") {\n    val memberIds \u003d array\u0026lt;UUID\u0026gt;(\"member_ids\")\n    val memberNames \u003d array\u0026lt;String\u0026gt;(\"member_names\", VarCharColumnType(colLength \u003d 32))\n    val deadlines \u003d array\u0026lt;LocalDate\u0026gt;(\"deadlines\", KotlinLocalDateColumnType()).nullable()\n    val budgets \u003d array\u0026lt;Double\u0026gt;(\"budgets\")\n    val expenses \u003d array\u0026lt;Double?\u0026gt;(\"expenses\", DoubleColumnType()).default(emptyList())\n}\nThis will prevent an exception being thrown if Exposed cannot find an associated column mapping for the defined type. Null array contents are allowed, and the explicit column type should be provided for these columns as well.\nAn array column accepts inserts and retrieves stored array contents as a Kotlin List:\nTeams.insert {\n    it[memberIds] \u003d List(5) { UUID.randomUUID() }\n    it[memberNames] \u003d List(5) { i -\u0026gt; \"Member ${\u0027A\u0027 + i}\" }\n    it[budgets] \u003d listOf(9999.0)\n}\n","pageTitle":"How to use Array types","metaDescription":"","type":"Documentation","breadcrumbs":"Exposed Modules","root":0,"depth":1}