{"objectID":"docs_0.51.1_deep_dive_into_dsl.html#returning_data_from_modified_rows","parent":"docs_0.51.1_deep_dive_into_dsl.html#overview","pageViews":0,"url":"writerside-documentation/docs/deep-dive-into-dsl.html#returning-data-from-modified-rows","mainTitle":"Deep Dive into DSL","product":"docs","headings":"Deep Dive into DSL,Returning Data from Modified Rows","content":"Some databases (like PostgreSQL and SQLite) allow the return of additional data every time a row is either inserted, updated, or deleted by a CRUD operation. This can be accomplished by using insertReturning(), upsertReturning(), updateReturning(), or deleteReturning() with a list of the required table columns provided as an argument. If the latter is omitted, all table columns will be returned by default:\nobject Projects : Table(\"projects\") {\n    val title \u003d varchar(\"title\", 64)\n    val budget \u003d integer(\"budget\")\n    val created \u003d datetime(\"created\").defaultExpression(CurrentDateTime)\n}\n\n// returns all table columns by default\nval created: LocalDateTime \u003d Projects.insertReturning {\n    it[title] \u003d \"Project A\"\n    it[budget] \u003d 100\n}.single()[Projects.created]\n\nval updatedBudgets: List\u0026lt;Int\u0026gt; \u003d Projects.updateReturning(listOf(Projects.budget)) {\n    it[budget] \u003d Projects.budget.times(5)\n}.map {\n    it[Projects.budget]\n}\nUnlike the base variants of these CRUD operations, a ReturningStatement behaves like a Query by also extending Iterable, so it will not be run by the database until the first attempt to iterate over its results. ","pageTitle":"Returning Data from Modified Rows","metaDescription":"","type":"Documentation","breadcrumbs":"","root":0,"depth":0}