{"objectID":"docs_0.51.1_frequently_asked_questions.html#Frequently_Asked_Questions.md","parent":"docs_0.51.1_frequently_asked_questions.html#q_squash_is_same_as_exposed_where_is_the_difference","pageViews":0,"url":"writerside-documentation/docs/frequently-asked-questions.html#Frequently-Asked-Questions.md","mainTitle":"Frequently Asked Questions","product":"docs","headings":"Frequently Asked Questions","content":"","pageTitle":"Frequently Asked Questions","metaDescription":"","type":"Documentation","breadcrumbs":"","root":0,"depth":0}