{"objectID":"docs_0.51.1_deep_dive_into_dsl.html#conditional_where","parent":"docs_0.51.1_deep_dive_into_dsl.html#overview","pageViews":0,"url":"writerside-documentation/docs/deep-dive-into-dsl.html#conditional-where","mainTitle":"Deep Dive into DSL","product":"docs","headings":"Deep Dive into DSL,Conditional where","content":"It is a rather common case to have a query with a where clause that depends on some other code\u0027s conditions. Moreover, independent or nested conditions could make it more complicated to prepare such where clauses. Let\u0027s imagine that we have a form on a website where a user can optionally filter \u0026quot;Star Wars\u0026quot; films by a director and/or a sequel. In Exposed version before 0.8.1 you had to code it like:\nval condition \u003d when {\n    directorName!\u003dnull \u0026\u0026 sequelId!\u003dnull -\u0026gt;\n        Op.build { StarWarsFilms.director eq directorName and (StarWarsFilms.sequelId eq sequelId) }\n    directorName!\u003dnull -\u0026gt;\n        Op.build { StarWarsFilms.director eq directorName }\n    sequelId!\u003dnull -\u0026gt;\n        Op.build { StarWarsFilms.sequelId eq sequelId }\n    else -\u0026gt; null\n}\nval query \u003d condition?.let { StarWarsFilms.selectAll().where(condition) } ?: StarWarsFilms.selectAll()\nor\nval query \u003d when {\n    directorName!\u003dnull \u0026\u0026 sequelId!\u003dnull -\u0026gt;\n        StarWarsFilms.selectAll().where { StarWarsFilms.director eq directorName and (StarWarsFilms.sequelId eq sequelId) }\n    directorName!\u003dnull -\u0026gt;\n        StarWarsFilms.selectAll().where { StarWarsFilms.director eq directorName }\n    sequelId!\u003dnull -\u0026gt;\n        StarWarsFilms.selectAll().where { StarWarsFilms.sequelId eq sequelId }\n    else -\u0026gt; StarWarsFilms.selectAll()\n}\nThis is a very primitive example, but you should get the main idea about the problem. Now let\u0027s try to write the same query in a more simple way (andWhere function available since 0.10.5):\nval query \u003d StarWarsFilms.selectAll()\ndirectorName?.let {\n    query.andWhere { StarWarsFilms.director eq it }\n}\nsequelId?.let {\n    query.andWhere { StarWarsFilms.sequelId eq it }\n}\nBut what if we want to conditionally select from another table and join it only when a condition is true? You have to use adjustColumnSet and adjustSelect functions, which allow to extend and modify join and select parts of a query (see kdoc on that functions):\nactorName?.let {\n    query.adjustColumnSet { innerJoin(Actors, { StarWarsFilms.sequelId }, { Actors.sequelId }) }\n        .adjustSelect { select(fields + Actors.columns).set }\n        .andWhere { Actors.name eq actorName }\n}\n","pageTitle":"Conditional where","metaDescription":"","type":"Documentation","breadcrumbs":"","root":0,"depth":0}