{"objectID":"docs_0.51.1_deep_dive_into_dao.html#parent_child_reference","parent":"docs_0.51.1_deep_dive_into_dao.html#overview","pageViews":0,"url":"writerside-documentation/docs/deep-dive-into-dao.html#parent-child-reference","mainTitle":"Deep Dive into DAO","product":"docs","headings":"Deep Dive into DAO,Parent-Child reference","content":"Parent-child reference is very similar to many-to-many version, but an intermediate table contains both references to the same table. Let\u0027s assume you want to build a hierarchical entity which could have parents and children. Our tables and an entity mapping will look like\nobject NodeTable : IntIdTable() {\n    val name \u003d varchar(\"name\", 50)\n}\nobject NodeToNodes : Table() {\n    val parent \u003d reference(\"parent_node_id\", NodeTable)\n    val child \u003d reference(\"child_user_id\", NodeTable)\n}\nclass Node(id: EntityID\u0026lt;Int\u0026gt;) : IntEntity(id) {\n    companion object : IntEntityClass\u0026lt;Node\u0026gt;(NodeTable)\n    var name by NodeTable.name\n    var parents by Node.via(NodeToNodes.child, NodeToNodes.parent)\n    var children by Node.via(NodeToNodes.parent, NodeToNodes.child)\n}\nAs you can see NodeToNodes columns target only NodeTable and another version of via function were used. Now you can create a hierarchy of nodes.\nval root \u003d Node.new { name \u003d \"root\" }\nval child1 \u003d Node.new {\n    name \u003d \"child1\" \n}\nchild1.parents \u003d SizedCollection(root) // assign parent\nval child2 \u003d Node.new { name \u003d \"child2\" }\nroot.children \u003d SizedCollection(listOf(child1, child2)) // assign children\n","pageTitle":"Parent-Child reference","metaDescription":"","type":"Documentation","breadcrumbs":"","root":0,"depth":0}