{"objectID":"docs_0.51.1_sql_functions.html#aggregating_functions","parent":"docs_0.51.1_sql_functions.html#how_to_use_functions","pageViews":0,"url":"writerside-documentation/docs/sql-functions.html#aggregating-functions","mainTitle":"SQL Functions","product":"docs","headings":"SQL Functions,Aggregating functions","content":"These functions should be used in queries with groupBy.\n","pageTitle":"Aggregating functions","metaDescription":"","type":"Documentation","breadcrumbs":"Exposed Modules","root":0,"depth":1}