{"objectID":"docs_0.51.1_exposed_modules.html#jdbc_driver_and_logging","parent":"docs_0.51.1_exposed_modules.html#dependencies","pageViews":0,"url":"writerside-documentation/docs/exposed-modules.html#jdbc-driver-and-logging","mainTitle":"Exposed Modules","product":"docs","headings":"Exposed Modules,JDBC driver and logging","content":"You also need a JDBC driver for the database system you are using (see Databases) and a logger for addLogger(StdOutSqlLogger). Example (Gradle syntax):\ndependencies {\n    // for H2\n    implementation(\"com.h2database:h2:2.1.214\")\n    // for logging (StdOutSqlLogger), see\n    // http://www.slf4j.org/codes.html#StaticLoggerBinder\n    implementation(\"org.slf4j:slf4j-nop:1.7.30\")\n}\n","pageTitle":"JDBC driver and logging","metaDescription":"","type":"Documentation","breadcrumbs":"","root":0,"depth":0}