{"objectID":"docs_0.51.1_frequently_asked_questions.html#q_how_can_i_specify_a_primary_key_column_type_e_g_stringidtable","parent":"docs_0.51.1_frequently_asked_questions.html#q_squash_is_same_as_exposed_where_is_the_difference","pageViews":0,"url":"writerside-documentation/docs/frequently-asked-questions.html#q-how-can-i-specify-a-primary-key-column-type-e-g-stringidtable","mainTitle":"Frequently Asked Questions","product":"docs","headings":"Frequently Asked Questions,Q: How can I specify a primary key column type e.g StringIdTable?","content":"A: You need to define your own! See examples:#855https://stackoverflow.com/a/61940820/1155026\n","pageTitle":"Q: How can I specify a primary key column type e.g StringIdTable?","metaDescription":"","type":"Documentation","breadcrumbs":"","root":0,"depth":0}