{"objectID":"docs_0.51.1_deep_dive_into_dao.html#eager_loading_for_text_fields","parent":"docs_0.51.1_deep_dive_into_dao.html#overview","pageViews":0,"url":"writerside-documentation/docs/deep-dive-into-dao.html#eager-loading-for-text-fields","mainTitle":"Deep Dive into DAO","product":"docs","headings":"Deep Dive into DAO,Eager loading for Text Fields","content":"Some database drivers do not load text content immediately (for performance and memory reasons) which means that you can obtain the column value only within the open transaction.\nIf you desire to make content available outside the transaction, you can use the eagerLoading param when defining the DB Table.\nobject StarWarsFilms : Table() {\n    ...\n    val description \u003d text(\"name\", eagerLoading\u003dtrue)\n}\n","pageTitle":"Eager loading for Text Fields","metaDescription":"","type":"Documentation","breadcrumbs":"","root":0,"depth":0}