{"objectID":"docs_0.51.1_breaking_changes.html#0_43_0","parent":"docs_0.51.1_breaking_changes.html#0_51_0","pageViews":0,"url":"writerside-documentation/docs/breaking-changes.html#0-43-0","mainTitle":"Breaking Changes","product":"docs","headings":"Breaking Changes,0.43.0","content":"- In all databases except MySQL, MariaDB, and SQL Server, the ubyte() column now maps to data type SMALLINT instead of TINYINT, which allows the full range of UByte values to be inserted without any overflow. Registering the column on a table also creates a check constraint that restricts inserted data to the range between 0 and UByte.MAX_VALUE. If a column that only uses 1 byte of storage is needed, but without allowing any non-negative values to be inserted, please use a signed byte() column instead with a manually created check constraint: byte(\"number\").check { it.between(0, Byte.MAX_VALUE) }\n// OR\nbyte(\"number\").check { (it greaterEq 0) and (it lessEq Byte.MAX_VALUE) }\n- In all databases except MySQL and MariaDB, the uint() column now maps to data type BIGINT instead of INT, which allows the full range of UInt values to be inserted without any overflow. Registering the column on a table also creates a check constraint that restricts inserted data to the range between 0 and UInt.MAX_VALUE. If a column that only uses 4 bytes of storage is needed, but without allowing any non-negative values to be inserted, please use a signed integer() column instead with a manually created check constraint: integer(\"number\").check { it.between(0, Int.MAX_VALUE) }\n// OR\ninteger(\"number\").check { (it greaterEq 0) and (it lessEq Int.MAX_VALUE) }\n","pageTitle":"0.43.0","metaDescription":"","type":"Documentation","breadcrumbs":"","root":0,"depth":0}