{"objectID":"docs_0.51.1_breaking_changes.html#0_44_0","parent":"docs_0.51.1_breaking_changes.html#0_51_0","pageViews":0,"url":"writerside-documentation/docs/breaking-changes.html#0-44-0","mainTitle":"Breaking Changes","product":"docs","headings":"Breaking Changes,0.44.0","content":"- SpringTransactionManager no longer extends DataSourceTransactionManager; instead, it directly extends AbstractPlatformTransactionManager while retaining the previous basic functionality. The class also no longer implements the Exposed interface TransactionManager, as transaction operations are instead delegated to Spring. These changes ensure that Exposed\u0027s underlying transaction management no longer interferes with the expected behavior of Spring\u0027s transaction management, for example, when using nested transactions or with @Transactional elements like propagation or isolation.\nIf integration still requires a DataSourceTransactionManager, please add two bean declarations to the configuration: one for SpringTransactionManager and one for DataSourceTransactionManager. Then define a composite transaction manager that combines these two managers.\nIf TransactionManager functions were being invoked by a SpringTransactionManager instance, please replace these calls with the appropriate Spring annotation or, if necessary, by using the companion object of TransactionManager directly (for example, TransactionManager.currentOrNull()).\n- spring-transaction and exposed-spring-boot-starter modules now use Spring Framework 6.0 and Spring Boot 3.0, which require Java 17 as a minimum version.\n- A table that is created with a keyword identifier (a table or column name) now logs a warning that the identifier\u0027s case may be lost when it is automatically quoted in generated SQL. This primarily affects H2 and Oracle, both of which support folding identifiers to uppercase, and PostgreSQL, which folds identifiers to a lower case.\nTo remove these warnings and to ensure that the keyword identifier sent to the database matches the exact case used in the Exposed table object, please set preserveKeywordCasing \u003d true in DatabaseConfig:\nobject TestTable : Table(\"table\") {\n    val col \u003d integer(\"select\")\n}\n\n// without opt-in (default set to false)\n// H2 generates SQL -\u0026gt; CREATE TABLE IF NOT EXISTS \"TABLE\" (\"SELECT\" INT NOT NULL)\n\n// with opt-in\nDatabase.connect(\n    url \u003d \"jdbc:h2:mem:test\",\n    driver \u003d \"org.h2.Driver\",\n    databaseConfig \u003d DatabaseConfig {\n        @OptIn(ExperimentalKeywordApi::class)\n        preserveKeywordCasing \u003d true\n    }\n)\n// H2 generates SQL -\u0026gt; CREATE TABLE IF NOT EXISTS \"table\" (\"select\" INT NOT NULL)\n`preserveKeywordCasing` is an experimental flag and requires `@OptIn`. It may become deprecated in future releases, and its behavior when set to `true` may become the default. ","pageTitle":"0.44.0","metaDescription":"","type":"Documentation","breadcrumbs":"","root":0,"depth":0}