{"objectID":"docs_0.51.1_data_types.html#array_functions","parent":"docs_0.51.1_data_types.html#how_to_use_database_enum_types","pageViews":0,"url":"writerside-documentation/docs/data-types.html#array-functions","mainTitle":"Data Types","product":"docs","headings":"Data Types,Array Functions","content":"A single element in a stored array can be accessed using the index reference get() operator:\nval firstMember \u003d Teams.memberIds[1]\nTeams\n    .select(firstMember)\n    .where { Teams.expenses[1] greater Teams.budgets[1] }\nBoth PostgreSQL and H2 use a one-based indexing convention, so the first element is retrieved by using index 1. A new subarray can also be accessed by using slice(), which takes a lower and upper bound (inclusive):\nTeams.select(Teams.deadlines.slice(1, 3))\nBoth arguments for these bounds are optional if using PostgreSQL.\nAn array column can also be used as an argument for the ANY and ALL SQL operators, either by providing the entire column or a new array expression via slice():\nTeams\n    .selectAll()\n    .where { Teams.budgets[1] lessEq allFrom(Teams.expenses) }\n\nTeams\n    .selectAll()\n    .where { stringParam(\"Member A\") eq anyFrom(Teams.memberNames.slice(1, 4)) }\n","pageTitle":"Array Functions","metaDescription":"","type":"Documentation","breadcrumbs":"Exposed Modules","root":0,"depth":1}