{"objectID":"docs_0.51.1_data_types.html#how_to_use_database_enum_types","parent":"docs_0.51.1_data_types.html#how_to_use_database_enum_types","pageViews":0,"url":"writerside-documentation/docs/data-types.html#how-to-use-database-enum-types","mainTitle":"Data Types","product":"docs","headings":"Data Types,How to use database ENUM types","content":"Some of the databases (e.g. MySQL, PostgreSQL, H2) support explicit ENUM types. Because keeping such columns in sync with Kotlin enumerations using only JDBC metadata could be a huge challenge, Exposed doesn\u0027t provide a possibility to manage such columns in an automatic way, but that doesn\u0027t mean that you can\u0027t use such column types.\nYou have two options to work with ENUM database types and you should use customEnumeration() (available since version 0.10.3) in both cases:\n2. Use an existing ENUM column from your table. In this case, the sql parameter in customEnumeration() can be left as null. 4. Create a new ENUM column using Exposed by providing the raw definition SQL to the sql parameter in customEnumeration(). As a JDBC driver can provide/expect specific classes for ENUM types, you must also provide from/to transformation functions for them when defining a customEnumeration.\nFor a class like enum class Foo { BAR, BAZ }, you can use the provided code below for your specific database:\nMySQL, H2\nval existingEnumColumn \u003d customEnumeration(\"enumColumn\", { value -\u0026gt; Foo.valueOf(value as String) }, { it.name })\nval newEnumColumn \u003d customEnumeration(\"enumColumn\", \"ENUM(\u0027BAR\u0027, \u0027BAZ\u0027)\", { value -\u0026gt; Foo.valueOf(value as String) }, { it.name })\nPostgreSQL\nPostgreSQL requires that ENUM is defined as a separate type, so you have to create it before creating your table. Also, the PostgreSQL JDBC driver returns PGobject instances for such values, so a PGobject with its type manually set to the ENUM type needs to be used for the toDb parameter. The full working sample is provided below:\nclass PGEnum\u0026lt;T : Enum\u0026lt;T\u0026gt;\u0026gt;(enumTypeName: String, enumValue: T?) : PGobject() {\n    init {\n        value \u003d enumValue?.name\n        type \u003d enumTypeName\n    }\n}\n\nobject EnumTable : Table() {\n    val enumColumn \u003d customEnumeration(\"enumColumn\", \"FooEnum\", { value -\u0026gt; Foo.valueOf(value as String) }, { PGEnum(\"FooEnum\", it) })\n}\n\ntransaction {\n   exec(\"CREATE TYPE FooEnum AS ENUM (\u0027BAR\u0027, \u0027BAZ\u0027);\")\n   SchemaUtils.create(EnumTable)\n}\n","pageTitle":"How to use database ENUM types","metaDescription":"","type":"Documentation","breadcrumbs":"Exposed Modules","root":0,"depth":1}