{"objectID":"docs_0.51.1_migration_guide.html#migrating_from_0_45_0_to_0_46_0","parent":"docs_0.51.1_migration_guide.html#migrating_from_0_45_0_to_0_46_0","pageViews":0,"url":"writerside-documentation/docs/migration-guide.html#migrating-from-0-45-0-to-0-46-0","mainTitle":"Migration Guide","product":"docs","headings":"Migration Guide,Migrating from 0.45.0 to 0.46.0","content":"While Exposed provides migration support in the code itself (by using the @Deprecated annotation and ReplaceWith quickfix), this document serves as a reference point for the migration steps necessary to switch to the new query DSL.\n","pageTitle":"Migrating from 0.45.0 to 0.46.0","metaDescription":"","type":"Documentation","breadcrumbs":"","root":0,"depth":0}