{"objectID":"docs_0.51.1_contributing.html#issues_and_feature_requests","parent":"docs_0.51.1_contributing.html#setup","pageViews":0,"url":"writerside-documentation/docs/contributing.html#issues-and-feature-requests","mainTitle":"Contributing to Exposed","product":"docs","headings":"Contributing to Exposed,Issues and Feature Requests","content":"If you encounter a bug or have an idea for a new feature, please submit it to us through YouTrack, our issue tracker.\nBefore submitting an issue or feature request, please search YouTrack\u0027s existing issues to avoid reporting duplicates.\nWhen submitting an issue or feature request, please provide as much detail as possible, including a clear and concise description of the problem or desired functionality, steps to reproduce the issue, and any relevant code snippets or error messages.\nThank you for your cooperation and for helping to improve Exposed.\n","pageTitle":"Issues and Feature Requests","metaDescription":"","type":"Documentation","breadcrumbs":"","root":0,"depth":0}