{"objectID":"docs_0.51.1_deep_dive_into_dao.html#use_queries_as_expressions","parent":"docs_0.51.1_deep_dive_into_dao.html#overview","pageViews":0,"url":"writerside-documentation/docs/deep-dive-into-dao.html#use-queries-as-expressions","mainTitle":"Deep Dive into DAO","product":"docs","headings":"Deep Dive into DAO,Use queries as expressions","content":"Imagine that you want to sort cities by how many users each city has. In order to do so, you can write a sub-query which counts users in each city and order by that number. Though in order to do so you\u0027ll have to convert Query to Expression. This can be done using wrapAsExpression function:\nval expression \u003d wrapAsExpression\u0026lt;Int\u0026gt;(Users\n    .select(Users.id.count())\n    .where {\n        Cities.id eq Users.cityId\n    })\nval cities \u003d Cities\n    .selectAll()\n    .orderBy(expression, SortOrder.DESC)\n    .toList()\n","pageTitle":"Use queries as expressions","metaDescription":"","type":"Documentation","breadcrumbs":"","root":0,"depth":0}