{"objectID":"docs_0.51.1_breaking_changes.html#0_46_0","parent":"docs_0.51.1_breaking_changes.html#0_51_0","pageViews":0,"url":"writerside-documentation/docs/breaking-changes.html#0-46-0","mainTitle":"Breaking Changes","product":"docs","headings":"Breaking Changes,0.46.0","content":"- When an Exposed table object is created with a keyword identifier (a table or column name) it now retains the exact case used before being automatically quoted in generated SQL. This primarily affects H2 and Oracle, both of which support folding identifiers to uppercase, and PostgresSQL, which folds identifiers to a lower case.\nIf preserveKeywordCasing \u003d true had been previously set in DatabaseConfig to remove logged warnings about any keyword identifiers, this can now be removed as the property is true by default.\nTo temporarily opt out of this behavior and to not keep the defined casing of keyword identifiers, please set preserveKeywordCasing \u003d false in DatabaseConfig:\nobject TestTable : Table(\"table\") {\n    val col \u003d integer(\"select\")\n}\n\n// default behavior (preserveKeywordCasing is by default set to true)\n// H2 generates SQL -\u0026gt; CREATE TABLE IF NOT EXISTS \"table\" (\"select\" INT NOT NULL)\n\n// with opt-out\nDatabase.connect(\n    url \u003d \"jdbc:h2:mem:test\",\n    driver \u003d \"org.h2.Driver\",\n    databaseConfig \u003d DatabaseConfig {\n        @OptIn(ExperimentalKeywordApi::class)\n        preserveKeywordCasing \u003d false\n    }\n)\n// H2 generates SQL -\u0026gt; CREATE TABLE IF NOT EXISTS \"TABLE\" (\"SELECT\" INT NOT NULL)\nThe `preserveKeywordCasing` is an experimental flag and requires `@OptIn`. It may become deprecated in future releases. ","pageTitle":"0.46.0","metaDescription":"","type":"Documentation","breadcrumbs":"","root":0,"depth":0}