{"objectID":"docs_0.51.1_deep_dive_into_dsl.html#alias","parent":"docs_0.51.1_deep_dive_into_dsl.html#overview","pageViews":0,"url":"writerside-documentation/docs/deep-dive-into-dsl.html#alias","mainTitle":"Deep Dive into DSL","product":"docs","headings":"Deep Dive into DSL,Alias","content":"Aliases allow preventing ambiguity between field names and table names. Use the aliased var instead of original one:\nval filmTable1 \u003d StarWarsFilms.alias(\"ft1\")\nfilmTable1.selectAll() // can be used in joins etc\u0027\nAlso, aliases allow you to use the same table in a join multiple times:\nval sequelTable \u003d StarWarsFilms.alias(\"sql\")\nval originalAndSequelNames \u003d StarWarsFilms\n    .innerJoin(sequelTable, { StarWarsFilms.sequelId }, { sequelTable[StarWarsFilms.id] })\n    .select(StarWarsFilms.name, sequelTable[StarWarsFilms.name])\n    .map { it[StarWarsFilms.name] to it[sequelTable[StarWarsFilms.name]] }\nAnd they can be used when selecting from sub-queries:\nval starWarsFilms \u003d StarWarsFilms\n    .select(StarWarsFilms.id, StarWarsFilms.name)\n    .alias(\"swf\")\nval id \u003d starWarsFilms[StarWarsFilms.id]\nval name \u003d starWarsFilms[StarWarsFilms.name]\nstarWarsFilms\n    .select(id, name)\n    .map { it[id] to it[name] }\n","pageTitle":"Alias","metaDescription":"","type":"Documentation","breadcrumbs":"","root":0,"depth":0}