{"objectID":"docs_0.51.1_getting_started_with_exposed.html#starting_a_transaction","parent":"docs_0.51.1_getting_started_with_exposed.html#adding_dependencies","pageViews":0,"url":"writerside-documentation/docs/getting-started-with-exposed.html#starting-a-transaction","mainTitle":"Getting Started with Exposed","product":"docs","headings":"Getting Started with Exposed,Starting a transaction","content":"Every database access using Exposed is started by obtaining a connection and creating a transaction.\nTo get a connection:\nDatabase.connect(\"jdbc:h2:mem:test\", driver \u003d \"org.h2.Driver\")\nIt is also possible to provide javax.sql.DataSource for advanced behaviors such as connection pooling:\nDatabase.connect(dataSource)\nMore details on Database and DataSource.\nAfter obtaining a connection, all SQL statements should be placed inside a transaction:\ntransaction {\n  // Statements here\n}\nTo see the actual DB calls, add a logger:\ntransaction {\n  // print sql to std-out\n  addLogger(StdOutSqlLogger)\n}\nTo log DB calls when using Exposed with a Spring Boot application, add the following property to the application.properties file:\nspring.exposed.show-sql\u003dtrue\nThe exposed-spring-boot-starter README covers the necessary steps to configure Exposed to use this and any other properties.\nAlternatively, the SpringTransactionManager class has the parameter showSql, which can be set to true if a transaction manager bean is defined manually.\n","pageTitle":"Starting a transaction","metaDescription":"","type":"Documentation","breadcrumbs":"","root":0,"depth":0}