{"objectID":"docs_0.51.1_frequently_asked_questions.html#q_is_it_possible_to_use_native_sql_sql_as_a_string","parent":"docs_0.51.1_frequently_asked_questions.html#q_squash_is_same_as_exposed_where_is_the_difference","pageViews":0,"url":"writerside-documentation/docs/frequently-asked-questions.html#q-is-it-possible-to-use-native-sql-sql-as-a-string","mainTitle":"Frequently Asked Questions","product":"docs","headings":"Frequently Asked Questions,Q: Is it possible to use native sql / sql as a string?","content":"A: It is not supported as part of the library, but it is possible to implement on top of it and use it like this:\nfun \u0026lt;T:Any\u0026gt; String.execAndMap(transform : (ResultSet) -\u0026gt; T) : List\u0026lt;T\u0026gt; {\n     val result \u003d arrayListOf\u0026lt;T\u0026gt;()\n     TransactionManager.current().exec(this) { rs -\u0026gt;\n          while (rs.next()) {\n               result +\u003d transform(rs)\n          }\n     }\n     return result\n}\n\n\"select u.name, c.name from user u inner join city c where blah blah\".execAndMap { rs -\u0026gt;\n    rs.getString(\"u.name\") to rs.getString(\"c.name\") \n}\nMore info in this issue: https://github.com/JetBrains/Exposed/issues/118\n","pageTitle":"Q: Is it possible to use native sql / sql as a string?","metaDescription":"","type":"Documentation","breadcrumbs":"","root":0,"depth":0}