{"objectID":"docs_0.51.1_deep_dive_into_dsl.html#insert_or_ignore","parent":"docs_0.51.1_deep_dive_into_dsl.html#overview","pageViews":0,"url":"writerside-documentation/docs/deep-dive-into-dsl.html#insert-or-ignore","mainTitle":"Deep Dive into DSL","product":"docs","headings":"Deep Dive into DSL,Insert Or Ignore","content":"If supported by your specific database, insertIgnore() allows insert statements to be executed without throwing any ignorable errors. This may be useful, for example, when insertion conflicts are possible:\nStarWarsFilms.insert {\n    it[sequelId] \u003d 8 // column pre-defined with a unique index\n    it[name] \u003d \"The Last Jedi\"\n    it[director] \u003d \"Rian Johnson\"\n}\n// If insert() was used, this would throw a constraint violation exception\n// Instead, this new row is ignored and discarded\nStarWarsFilms.insertIgnore {\n    it[sequelId] \u003d 8\n    it[name] \u003d \"The Rise of Skywalker\"\n    it[director] \u003d \"JJ Abrams\"\n}\n","pageTitle":"Insert Or Ignore","metaDescription":"","type":"Documentation","breadcrumbs":"","root":0,"depth":0}