{"objectID":"docs_0.51.1_deep_dive_into_dao.html#create","parent":"docs_0.51.1_deep_dive_into_dao.html#overview","pageViews":0,"url":"writerside-documentation/docs/deep-dive-into-dao.html#create","mainTitle":"Deep Dive into DAO","product":"docs","headings":"Deep Dive into DAO,Create","content":"val movie \u003d StarWarsFilm.new {\n  name \u003d \"The Last Jedi\"\n  sequelId \u003d 8\n  director \u003d \"Rian Johnson\"\n}\n","pageTitle":"Create","metaDescription":"","type":"Documentation","breadcrumbs":"","root":0,"depth":0}