{"objectID":"docs_0.51.1_sql_functions.html#lowercase_uppercase","parent":"docs_0.51.1_sql_functions.html#how_to_use_functions","pageViews":0,"url":"writerside-documentation/docs/sql-functions.html#lowercase-uppercase","mainTitle":"SQL Functions","product":"docs","headings":"SQL Functions,LowerCase/UpperCase","content":"Returns a lower-cased/upper-cased string value.\nval lowerCasedName \u003d FooTable.name.lowerCase()\nval lowerCasedNames \u003d FooTable.select(lowerCasedName).map { it[lowerCasedName] }\n\n","pageTitle":"LowerCase/UpperCase","metaDescription":"","type":"Documentation","breadcrumbs":"Exposed Modules","root":0,"depth":1}