{"objectID":"docs_0.51.1_migration_guide.html#select_query_dsl","parent":"docs_0.51.1_migration_guide.html#migrating_from_0_45_0_to_0_46_0","pageViews":0,"url":"writerside-documentation/docs/migration-guide.html#select-query-dsl","mainTitle":"Migration Guide","product":"docs","headings":"Migration Guide,SELECT Query DSL","content":"Exposed\u0027s query DSL has been refactored to bring it closer to the syntax of a standard SQL SELECT statement.\nThe slice() function has been deprecated in favor of a new select() function that accepts the same variable amount of columns and creates a Query instance. If all columns should be selected, use selectAll() to create a Query instance.\nThe Query class now has the method where(), which can be chained to replace the old version of select { }.\nGo to migration steps\nPutting these changes together results in the following new DSL:\n// Example 1\n// before\nTestTable\n    .slice(TestTable.columnA)\n    .select { TestTable.columnA eq 1 }\n\n// after\nTestTable\n    .select(TestTable.columnA)\n    .where { TestTable.columnA eq 1 }\n\n// Example 2\n// before\nTestTable\n    .slice(TestTable.columnA)\n    .selectAll()\n\n// after\nTestTable\n    .select(TestTable.columnA)\n\n// Example 3\n// before\nTestTable\n    .select { TestTable.columnA eq 1 }\n\n// after\nTestTable\n    .selectAll()\n    .where { TestTable.columnA eq 1 }\n\n// Example 4 - no change\nTestTable.selectAll()\nTo be consistent with these changes, the functions selectBatched() and selectAllBatched() have also been deprecated. A new Query method, fetchBatchedResults(), should be used instead as a terminal operation on an existing Query:\n// Example 1\n// before\nTestTable\n    .selectBatched(50) { TestTable.columnA eq 1 }\n\n// after\nTestTable\n    .selectAll()\n    .where { TestTable.columnA eq 1 }\n    .fetchBatchedResults(50)\n\n// Example 2\n// before\nTestTable\n    .slice(TestTable.columnA)\n    .selectAllBatched(50)\n\n// after\nTestTable\n    .select(TestTable.columnA)\n    .fetchBatchedResults(50)\nLastly, adjustSlice() has been renamed to adjustSelect():\n// before\nval originalQuery \u003d TestTable.select { TestTable.columnA eq 1 }\noriginalQuery.adjustSlice { slice(TestTable.columnA) }\n\n// after\nval originalQuery \u003d TestTable.selectAll().where { TestTable.columnA eq 1 }\noriginalQuery.adjustSelect { select(TestTable.columnA) }\n","pageTitle":"SELECT Query DSL","metaDescription":"","type":"Documentation","breadcrumbs":"","root":0,"depth":0}