{"objectID":"docs_0.51.1_data_types.html#Data_Types.md","parent":"docs_0.51.1_data_types.html#how_to_use_database_enum_types","pageViews":0,"url":"writerside-documentation/docs/data-types.html#Data-Types.md","mainTitle":"Data Types","product":"docs","headings":"Data Types","content":"Exposed supports the following data types in the table definition:\n- integer - translates to DB INT - short - translates to DB SMALLINT - long - BIGINT - float - FLOAT - decimal - DECIMAL with scale and precision - bool - BOOLEAN - char - CHAR - varchar - VARCHAR with length - text - TEXT - enumeration - INT ordinal value - enumerationByName - VARCHAR - customEnumeration - see additional section - blob - BLOB - binary - VARBINARY with length - uuid - BINARY(16) - reference - a foreign key - array - ARRAY The exposed-java-time extension (org.jetbrains.exposed:exposed-java-time:$exposed_version) provides additional types:\n- date - DATETIME - time - TIME - datetime - DATETIME - timestamp - TIMESTAMP - duration - DURATION Some types are different for specific DB dialect. The exposed-json extension (org.jetbrains.exposed:exposed-json:$exposed_version) provides additional types (see how to use):\n- json - JSON - jsonb - JSONB Databases store JSON values either in text or binary format, so Exposed provides two types to account for any potential differences, if they exist, for example: - PostgreSQL: json() maps to JSON, while jsonb() maps to JSONB. - SQLite: No native JSON type, so json() maps to TEXT, while jsonb() throws. - MySQL: JSON type only supports binary format, so json() and jsonb() both map to JSON. - Oracle: Exposed does not currently support the JSON binary format of Oracle 21c; only text format json() can be used. ","pageTitle":"Data Types","metaDescription":"","type":"Documentation","breadcrumbs":"Exposed Modules","root":0,"depth":1}