{"objectID":"docs_0.51.1_deep_dive_into_dsl.html#schema","parent":"docs_0.51.1_deep_dive_into_dsl.html#overview","pageViews":0,"url":"writerside-documentation/docs/deep-dive-into-dsl.html#schema","mainTitle":"Deep Dive into DSL","product":"docs","headings":"Deep Dive into DSL,Schema","content":"You can create a schema or drop an existing one:\nval schema \u003d Schema(\"my_schema\") // my_schema is the schema name.\n// Creates a Schema\nSchemaUtils.createSchema(schema)\n// Drops a Schema\nSchemaUtils.dropSchema(schema)\nAlso, you can specify the schema owner like this (some databases require the explicit owner) :\nval schema \u003d Schema(\"my_schema\", authorization \u003d \"owner\")\nIf you have many schemas and you want to set a default one, you can use:\nSchemaUtils.setSchema(schema)\n","pageTitle":"Schema","metaDescription":"","type":"Documentation","breadcrumbs":"","root":0,"depth":0}