{"objectID":"docs_0.51.1_transactions.html#working_with_multiple_databases","parent":"docs_0.51.1_transactions.html#overview","pageViews":0,"url":"writerside-documentation/docs/transactions.html#working-with-multiple-databases","mainTitle":"Transactions","product":"docs","headings":"Transactions,Working with multiple databases","content":"This functionality supported since 0.10.1 version\nWhen you want to work with different databases then you have to store database reference returned by Database.connect() and provide it to transaction function as first parameter.\nval db1 \u003d connect(\"jdbc:h2:mem:db1;DB_CLOSE_DELAY\u003d-1;\", \"org.h2.Driver\", \"root\", \"\")\nval db2 \u003d connect(\"jdbc:h2:mem:db2;DB_CLOSE_DELAY\u003d-1;\", \"org.h2.Driver\", \"root\", \"\")\ntransaction(db1) {\n   ...\n   val result \u003d transaction(db2) {\n      Table1.selectAll().where { }.map { it[Table1.name] }\n   }\n   \n   val count \u003d Table2.selectAll().where { Table2.name inList result }.count()\n}\nEntities (see DAO API page) stick to a transaction that was used to load that entity. That means that all changes persist to the same database and what cross-database references are prohibited and will throw exceptions.\n","pageTitle":"Working with multiple databases","metaDescription":"","type":"Documentation","breadcrumbs":"","root":0,"depth":0}