{"objectID":"docs_0.51.1_frequently_asked_questions.html#more_questions_on_stack_overflow","parent":"docs_0.51.1_frequently_asked_questions.html#q_squash_is_same_as_exposed_where_is_the_difference","pageViews":0,"url":"writerside-documentation/docs/frequently-asked-questions.html#more-questions-on-stack-overflow","mainTitle":"Frequently Asked Questions","product":"docs","headings":"Frequently Asked Questions,More questions on Stack Overflow:","content":"https://stackoverflow.com/questions/tagged/kotlin-exposed\n","pageTitle":"More questions on Stack Overflow:","metaDescription":"","type":"Documentation","breadcrumbs":"","root":0,"depth":0}