{"objectID":"docs_0.51.1_deep_dive_into_dao.html#overview","parent":"docs_0.51.1_deep_dive_into_dao.html#overview","pageViews":0,"url":"writerside-documentation/docs/deep-dive-into-dao.html#overview","mainTitle":"Deep Dive into DAO","product":"docs","headings":"Deep Dive into DAO,Overview","content":"The DAO (Data Access Object) API of Exposed, is similar to ORM frameworks like Hibernate with a Kotlin-specific API.A DB table is represented by an object inherited from org.jetbrains.exposed.sql.Table like this:\nobject StarWarsFilms : Table() {\n  val id: Column\u0026lt;Int\u0026gt; \u003d integer(\"id\").autoIncrement()\n  val sequelId: Column\u0026lt;Int\u0026gt; \u003d integer(\"sequel_id\").uniqueIndex()\n  val name: Column\u0026lt;String\u0026gt; \u003d varchar(\"name\", 50)\n  val director: Column\u0026lt;String\u0026gt; \u003d varchar(\"director\", 50)\n  override val primaryKey \u003d PrimaryKey(id, name \u003d \"PK_StarWarsFilms_Id\") // PK_StarWarsFilms_Id is optional here\n}\nTables that contain an Int id with the name id can be declared like this:\nobject StarWarsFilms : IntIdTable() {\n  val sequelId: Column\u0026lt;Int\u0026gt; \u003d integer(\"sequel_id\").uniqueIndex()\n  val name: Column\u0026lt;String\u0026gt; \u003d varchar(\"name\", 50)\n  val director: Column\u0026lt;String\u0026gt; \u003d varchar(\"director\", 50)\n}\nNote that these Column types will be defined automatically, so you can also just leave them out. This would produce the same result as the example above:\nobject StarWarsFilms : IntIdTable() {\n  val sequelId \u003d integer(\"sequel_id\").uniqueIndex()\n  val name \u003d varchar(\"name\", 50)\n  val director \u003d varchar(\"director\", 50)\n}\nAn entity instance or a row in the table is defined as a class instance:\nclass StarWarsFilm(id: EntityID\u0026lt;Int\u0026gt;) : IntEntity(id) {\n companion object : IntEntityClass\u0026lt;StarWarsFilm\u0026gt;(StarWarsFilms)\n var sequelId by StarWarsFilms.sequelId \n var name     by StarWarsFilms.name\n var director by StarWarsFilms.director\n}\n","pageTitle":"Overview","metaDescription":"","type":"Documentation","breadcrumbs":"","root":0,"depth":0}