{"objectID":"docs_0.51.1_exposed_modules.html#exposed_0_18_1_and_higher","parent":"docs_0.51.1_exposed_modules.html#dependencies","pageViews":0,"url":"writerside-documentation/docs/exposed-modules.html#exposed-0-18-1-and-higher","mainTitle":"Exposed Modules","product":"docs","headings":"Exposed Modules,Exposed 0.18.1 and higher","content":"To move forward and support such features as Java 8 Time, async drivers, and so on, it was decided to split Exposed into more specific modules. It will allow you to take the only modules you need and will add flexibility in the future.\nExposed consists of the following modules:\n- exposed-core - base module, which contains both DSL api along with mapping - exposed-crypt - provides additional column types to store encrypted data in DB and encode/decode it on client-side - exposed-dao - DAO api - exposed-java-time - date-time extensions based on Java8 Time API - exposed-jdbc - transport level implementation based on Java JDBC API - exposed-jodatime - date-time extensions based on JodaTime library - exposed-json - JSON and JSONB data type extensions - exposed-kotlin-datetime - date-time extensions based on kotlinx-datetime - exposed-money - extensions to support MonetaryAmount from \u0026quot;javax.money:money-api\u0026quot; - exposed-spring-boot-starter - a starter for Spring Boot to utilize Exposed as the ORM instead of Hibernate Dependencies mapping listed below is similar (by functionality) to the previous versions:\n\u003cb\u003eKotlin Gradle\u003c/b\u003e val exposedVersion: String \u003d \"0.51.1\"\ndependencies {\n    implementation(\"org.jetbrains.exposed:exposed-core:$exposedVersion\")\n    implementation(\"org.jetbrains.exposed:exposed-crypt:$exposedVersion\")\n    implementation(\"org.jetbrains.exposed:exposed-dao:$exposedVersion\")\n    implementation(\"org.jetbrains.exposed:exposed-jdbc:$exposedVersion\")\n    // optional jodatime\n    implementation(\"org.jetbrains.exposed:exposed-jodatime:$exposedVersion\")\n    // optional java-time\n    implementation(\"org.jetbrains.exposed:exposed-java-time:$exposedVersion\")\n    // optional kotlin-datetime\n    implementation(\"org.jetbrains.exposed:exposed-kotlin-datetime:$exposedVersion\")\n    // optional json\n    implementation(\"org.jetbrains.exposed:exposed-json:$exposedVersion\")\n    // optional money\n    implementation(\"org.jetbrains.exposed:exposed-money:$exposedVersion\")\n    // optional spring-boot\n    implementation(\"org.jetbrains.exposed:exposed-spring-boot-starter:$exposedVersion\")\n}\n\u003cb\u003eMaven\u003c/b\u003e \u0026lt;dependencies\u0026gt;\n    \u0026lt;dependency\u0026gt;\n        \u0026lt;groupId\u0026gt;org.jetbrains.exposed\u0026lt;/groupId\u0026gt;\n        \u0026lt;artifactId\u0026gt;exposed-core\u0026lt;/artifactId\u0026gt;\n        \u0026lt;version\u0026gt;0.51.1\u0026lt;/version\u0026gt;\n    \u0026lt;/dependency\u0026gt;\n    \u0026lt;dependency\u0026gt;\n        \u0026lt;groupId\u0026gt;org.jetbrains.exposed\u0026lt;/groupId\u0026gt;\n        \u0026lt;artifactId\u0026gt;exposed-crypt\u0026lt;/artifactId\u0026gt;\n        \u0026lt;version\u0026gt;0.51.1\u0026lt;/version\u0026gt;\n    \u0026lt;/dependency\u0026gt;\n    \u0026lt;dependency\u0026gt;\n        \u0026lt;groupId\u0026gt;org.jetbrains.exposed\u0026lt;/groupId\u0026gt;\n        \u0026lt;artifactId\u0026gt;exposed-dao\u0026lt;/artifactId\u0026gt;\n        \u0026lt;version\u0026gt;0.51.1\u0026lt;/version\u0026gt;\n    \u0026lt;/dependency\u0026gt;\n    \u0026lt;dependency\u0026gt;\n        \u0026lt;groupId\u0026gt;org.jetbrains.exposed\u0026lt;/groupId\u0026gt;\n        \u0026lt;artifactId\u0026gt;exposed-java-time\u0026lt;/artifactId\u0026gt;\n        \u0026lt;version\u0026gt;0.51.1\u0026lt;/version\u0026gt;\n    \u0026lt;/dependency\u0026gt;\n    \u0026lt;dependency\u0026gt;\n        \u0026lt;groupId\u0026gt;org.jetbrains.exposed\u0026lt;/groupId\u0026gt;\n        \u0026lt;artifactId\u0026gt;exposed-jdbc\u0026lt;/artifactId\u0026gt;\n        \u0026lt;version\u0026gt;0.51.1\u0026lt;/version\u0026gt;\n    \u0026lt;/dependency\u0026gt;\n    \u0026lt;dependency\u0026gt;\n        \u0026lt;groupId\u0026gt;org.jetbrains.exposed\u0026lt;/groupId\u0026gt;\n        \u0026lt;artifactId\u0026gt;exposed-jodatime\u0026lt;/artifactId\u0026gt;\n        \u0026lt;version\u0026gt;0.51.1\u0026lt;/version\u0026gt;\n    \u0026lt;/dependency\u0026gt;\n    \u0026lt;dependency\u0026gt;\n        \u0026lt;groupId\u0026gt;org.jetbrains.exposed\u0026lt;/groupId\u0026gt;\n        \u0026lt;artifactId\u0026gt;exposed-json\u0026lt;/artifactId\u0026gt;\n        \u0026lt;version\u0026gt;0.51.1\u0026lt;/version\u0026gt;\n    \u0026lt;/dependency\u0026gt;\n    \u0026lt;dependency\u0026gt;\n        \u0026lt;groupId\u0026gt;org.jetbrains.exposed\u0026lt;/groupId\u0026gt;\n        \u0026lt;artifactId\u0026gt;exposed-kotlin-datetime\u0026lt;/artifactId\u0026gt;\n        \u0026lt;version\u0026gt;0.51.1\u0026lt;/version\u0026gt;\n    \u0026lt;/dependency\u0026gt;\n    \u0026lt;dependency\u0026gt;\n        \u0026lt;groupId\u0026gt;org.jetbrains.exposed\u0026lt;/groupId\u0026gt;\n        \u0026lt;artifactId\u0026gt;exposed-money\u0026lt;/artifactId\u0026gt;\n        \u0026lt;version\u0026gt;0.51.1\u0026lt;/version\u0026gt;\n    \u0026lt;/dependency\u0026gt;\n    \u0026lt;dependency\u0026gt;\n        \u0026lt;groupId\u0026gt;org.jetbrains.exposed\u0026lt;/groupId\u0026gt;\n        \u0026lt;artifactId\u0026gt;exposed-spring-boot-starter\u0026lt;/artifactId\u0026gt;\n        \u0026lt;version\u0026gt;0.51.1\u0026lt;/version\u0026gt;\n    \u0026lt;/dependency\u0026gt;\n\u0026lt;/dependencies\u0026gt;\n\u003cb\u003eGroovy Gradle\u003c/b\u003e def exposedVersion \u003d \"0.51.1\"\ndependencies {\n    implementation \"org.jetbrains.exposed:exposed-core:$exposedVersion\"\n    implementation \"org.jetbrains.exposed:exposed-crypt:$exposedVersion\"\n    implementation \"org.jetbrains.exposed:exposed-dao:$exposedVersion\"\n    implementation \"org.jetbrains.exposed:exposed-jdbc:$exposedVersion\"\n    // optional jodatime\n    implementation \"org.jetbrains.exposed:exposed-jodatime:$exposedVersion\"\n    // optional java-time\n    implementation \"org.jetbrains.exposed:exposed-java-time:$exposedVersion\"\n    // optional kotlin-datetime\n    implementation \"org.jetbrains.exposed:exposed-kotlin-datetime:$exposedVersion\"\n    // optional json\n    implementation \"org.jetbrains.exposed:exposed-json:$exposedVersion\"\n    // optional money\n    implementation \"org.jetbrains.exposed:exposed-money:$exposedVersion\"\n    // optional spring-boot\n    implementation \"org.jetbrains.exposed:exposed-spring-boot-starter:$exposedVersion\"\n}\n","pageTitle":"Exposed 0.18.1 and higher","metaDescription":"","type":"Documentation","breadcrumbs":"","root":0,"depth":0}