{"objectID":"docs_0.51.1_deep_dive_into_dsl.html#create_and_drop_a_sequence","parent":"docs_0.51.1_deep_dive_into_dsl.html#overview","pageViews":0,"url":"writerside-documentation/docs/deep-dive-into-dsl.html#create-and-drop-a-sequence","mainTitle":"Deep Dive into DSL","product":"docs","headings":"Deep Dive into DSL,Create and Drop a Sequence","content":"// Creates a sequence\nSchemaUtils.createSequence(myseq)\n// Drops a sequence\nSchemaUtils.dropSequence(myseq)\n","pageTitle":"Create and Drop a Sequence","metaDescription":"","type":"Documentation","breadcrumbs":"","root":0,"depth":0}