{"entities":{"pages":{"Home":{"id":"Home","title":"Exposed Documentation","url":"home.html","level":0,"tabIndex":0},"Getting-Started-with-Exposed":{"id":"Getting-Started-with-Exposed","title":"Getting Started with Exposed","url":"getting-started-with-exposed.html","level":0,"tabIndex":1},"Database-and-DataSource":{"id":"Database-and-DataSource","title":"Working with Database and DataSource","url":"database-and-datasource.html","level":0,"tabIndex":2},"Transactions":{"id":"Transactions","title":"Transactions","url":"transactions.html","level":0,"tabIndex":3},"Deep-Dive-into-DSL":{"id":"Deep-Dive-into-DSL","title":"Deep Dive into DSL","url":"deep-dive-into-dsl.html","level":0,"tabIndex":4},"Deep-Dive-into-DAO":{"id":"Deep-Dive-into-DAO","title":"Deep Dive into DAO","url":"deep-dive-into-dao.html","level":0,"tabIndex":5},"Exposed-Modules":{"id":"Exposed-Modules","title":"Exposed Modules","url":"exposed-modules.html","level":0,"pages":["Data-Types","SQL-Functions"],"tabIndex":6},"Data-Types":{"id":"Data-Types","title":"Data Types","url":"data-types.html","level":1,"parentId":"Exposed-Modules","tabIndex":0},"SQL-Functions":{"id":"SQL-Functions","title":"SQL Functions","url":"sql-functions.html","level":1,"parentId":"Exposed-Modules","tabIndex":1},"Frequently-Asked-Questions":{"id":"Frequently-Asked-Questions","title":"Frequently Asked Questions","url":"frequently-asked-questions.html","level":0,"tabIndex":7},"Samples":{"id":"Samples","title":"Samples","url":"samples.html","level":0,"tabIndex":8},"Migration-Guide":{"id":"Migration-Guide","title":"Migration Guide","url":"migration-guide.html","level":0,"tabIndex":9},"Breaking-Changes":{"id":"Breaking-Changes","title":"Breaking Changes","url":"breaking-changes.html","level":0,"tabIndex":10},"Contributing":{"id":"Contributing","title":"Contributing to Exposed","url":"contributing.html","level":0,"tabIndex":11}}},"topLevelIds":["Home","Getting-Started-with-Exposed","Database-and-DataSource","Transactions","Deep-Dive-into-DSL","Deep-Dive-into-DAO","Exposed-Modules","Frequently-Asked-Questions","Samples","Migration-Guide","Breaking-Changes","Contributing"]}