{"title":"Exposed Documentation","subtitle":"Exposed is a Kotlin SQL database library with two flavors: a lightweight ORM (using DAO) and type-safe SQL (using DSL).","tips":[{"title":"\n                Getting Started with Exposed\n            ","description":"Start exploring Exposed step-by-step by building our sample project from scratch","url":"getting-started-with-exposed.html","type":"learn"},{"title":"\n                FAQ\n            ","description":"Frequently Asked Questions","url":"frequently-asked-questions.html","type":"server"}],"main":{"title":"Learn More","data":[{"title":"\n                Adding Dependencies\n            ","description":"Learn how to configure Exposed in the existing project using Gradle or Maven build systems","url":""},{"title":"\n                Tables and Columns ABC\n            ","description":"Start creating your first tables and get familiar with the column types","url":""},{"title":"\n                Querying Database\n            ","description":"Learn how to write database queries using Exposed query DSL","url":""},{"title":"\n                Introduction to ORM Entities\n            ","description":"Learn how to perform basic CRUD (Create, Read, Update, Delete) operations using entities mapping","url":""}]},"highlighted":{"title":"Releases and Contribution","data":[{"title":"\n                Contributing to Exposed\n            ","description":"Learn how to contribute to Exposed","url":"contributing.html"},{"title":"\n                Migration Guide\n            ","description":"Check how to update to the latest Exposed version","url":"migration-guide.html"}]},"prevNextLinks":{"nextPageUrl":"getting-started-with-exposed.html","nextPageTitle":"Getting Started with Exposed"}}